player,player_id,position,team_name,player_game_count,avg_depth_of_target,avoided_tackles,caught_percent,contested_catch_rate,contested_receptions,contested_targets,declined_penalties,drop_rate,drops,epa,first_downs,franchise_id,fumbles,grades_hands_drop,grades_hands_fumble,grades_offense,grades_pass_block,grades_pass_route,inline_rate,inline_snaps,interceptions,longest,pass_block_rate,pass_blocks,pass_plays,penalties,positive_epa_percent,receptions,route_rate,routes,slot_rate,slot_snaps,targeted_qb_rating,targets,touchdowns,wide_rate,wide_snaps,yards,yards_after_catch,yards_after_catch_per_reception,yards_per_reception,yprr,Rank,ADP,Diff,Finish2024,PosRank,fantasyPts,ptsPerSnap,ptsPerTouch
Ja'Marr Chase,84270,WR,CIN,17,9,24,74.3,41.7,10,24,0,7.3,10,0.12,75,7,0,55.9,85.3,85.8,,84.9,0,0,7,70,0,0,758,1,52.8,127,93.5,709,33.6,255,121.7,171,17,64.6,490,1708,797,6.3,13.4,2.41,1,1.1,0.09,2,1,315.6,0.32,2.47
Malik Nabers,146759,WR,NYG,15,9.7,18,66.1,46.2,18,39,1,6.8,8,-0.16,55,21,1,71.5,61.8,86.7,,87.1,0,0,2,59,0,0,602,6,41.3,109,92.4,556,27.1,163,96.6,165,7,72.6,437,1204,475,4.4,11,2.17,12,9.3,-0.29,28,8,57.1,0.26,3.17
Justin Jefferson,61398,WR,MIN,18,12.1,11,68.4,54.8,17,31,1,5.3,6,0.06,64,18,1,79.8,60.9,86.6,,88,0,0,6,97,0,0,711,3,50.2,108,92.3,656,26.7,190,106.3,158,10,71.7,510,1591,496,4.6,14.7,2.43,8,5.8,-0.38,18,4,201.5,0.21,2.34
Garrett Wilson,97405,WR,NYJ,17,9.4,22,66.4,51.7,15,29,0,5.6,6,-0.01,60,22,2,76.7,32.7,78.9,,79.3,0,0,5,42,0,0,696,5,44.7,101,93.8,653,30.2,210,89.4,152,7,69.1,481,1104,446,4.4,10.9,1.69,36,35.1,-0.03,57,16,99.5,0.26,2.76
Drake London,86519,WR,ATL,17,11.2,16,67.1,57.9,22,38,0,4.8,5,-0.02,67,2,0,80.8,83.6,87.8,75.7,90.1,0.2,1,7,39,1.3,8,595,7,47.9,100,92.1,548,39,232,94.1,149,9,60.8,362,1271,328,3.3,12.7,2.32,13,14.9,0.13,34,9,201.9,0.28,2.97
Travis Kelce,7844,TE,KC,19,7.1,5,73.8,58.8,10,17,0,4.3,5,0.14,53,16,2,84.7,60.4,71.7,53.2,72.2,33.5,253,4,49,4.9,37,755,2,51.7,110,88.5,668,42,317,89.3,149,4,23,174,998,427,3.9,9.1,1.49,78,93.5,0.17,89,4,191.2,0.21,2.48
Amon-Ra St Brown,84470,WR,DET,18,8.3,13,83.1,67.7,21,31,1,1.6,2,0.25,78,11,1,91.2,64,89.3,76.2,90.2,0,0,1,66,0.3,2,618,3,53.7,123,96.6,597,52.6,325,130.3,148,12,46.3,286,1400,468,3.8,11.4,2.35,9,11.2,0.2,9,5,324,0.34,2.7
Brock Bowers,146715,TE,LV,17,6.6,4,75.7,53.3,16,30,0,3.4,4,-0.07,61,23,0,89.7,84.8,85.1,51.6,88.4,26.4,175,5,57,5,33,664,1,44.7,112,89.2,592,54.7,363,95.9,148,5,17.5,116,1194,596,5.3,10.7,2.02,22,18.5,-0.19,52,2,174.2,0.29,2.64
CeeDee Lamb,61570,WR,DAL,15,8.3,20,69.2,58.1,18,31,0,9.8,11,-0.09,54,9,1,50.3,62.4,77.3,67.1,79.9,0.2,1,6,65,0.2,1,574,7,42.4,101,91.6,526,50.3,289,90.4,146,6,48.1,276,1194,544,5.4,11.8,2.27,2,3.4,0.41,29,2,200.9,0.27,2.64
Courtland Sutton,48164,WR,DEN,18,14,1,61,57.1,20,35,0,11.3,11,0.02,61,10,1,41.8,54.6,75.5,62.4,77,0,0,7,47,0.2,1,651,1,45,86,94.5,615,17.5,114,85.3,141,8,82.3,536,1156,198,2.3,13.4,1.88,45,47.3,0.05,54,20,217.7,0.22,2.94
DJ Moore,48267,WR,CHI,17,7.3,15,71.5,47.6,10,21,0,3,3,-0.11,43,6,1,82.5,62,73.5,,73.3,0,0,3,44,0,0,728,5,41,98,91.9,669,27.6,201,96.5,137,6,71.6,521,966,596,6.1,9.9,1.44,63,48.8,-0.29,70,34,168.1,0.17,2.59
Terry McLaurin,48229,WR,WAS,20,13.5,10,70.6,65.8,25,38,0,5,5,0.18,66,32,0,80.2,57.4,82.1,67,84.8,0,0,2,86,0.3,2,717,1,51.9,96,93.6,671,15.3,110,134.5,136,16,84.7,607,1323,422,4.4,13.8,1.97,40,40.3,0.01,23,19,114.2,0.26,3.01
Jaxon Smith-Njigba,129758,WR,SEA,17,9.2,11,75.2,46.2,12,26,1,2,2,0.02,55,29,1,90.7,60.2,81,,83.5,0,0,4,46,0,0,671,3,48.6,100,93.1,625,83.6,561,102.6,133,6,15.6,105,1130,482,4.8,11.3,1.81,49,31.5,-0.56,44,24,361.9,0.44,2.87
Wan'Dale Robinson,101735,WR,NYG,17,5.1,19,70.5,58.6,17,29,1,7,7,-0.16,36,21,0,64.2,83.2,63.4,67.8,64.6,0.2,1,2,35,0.2,1,622,4,41.4,93,93.1,579,78.1,486,84.1,132,3,21.1,131,699,374,4,7.5,1.21,209,167.8,-0.25,164,82,217.9,0.22,2.29
Brian Thomas,146760,WR,JAX,17,11.9,9,67.4,50,8,16,0,6.5,6,-0.06,53,15,0,67.7,83.6,82,,83.4,0,0,5,85,0,0,553,4,44,87,94.6,523,28.4,157,109.4,129,10,71.4,395,1282,572,6.6,14.7,2.45,11,12.5,0.12,25,7,138.8,0.19,2.72
Jakobi Meyers,47468,WR,LV,15,10.7,5,69,66.7,16,24,0,0,0,-0.07,52,23,0,90.9,83.2,77.7,70.7,78.5,0,0,4,43,0.3,2,628,4,44.1,87,93,584,34.1,214,90.9,126,4,65.8,413,1027,298,3.4,11.8,1.76,71,74.6,0.05,69,42,,,
Puka Nacua,100632,WR,LA,13,8.3,23,72.6,35,7,20,0,5.3,5,0.13,53,26,0,72.1,84,92.5,75.5,92.6,2.7,10,1,51,0.8,3,374,2,49,90,93.6,350,29.9,112,105.3,124,3,66.3,248,1131,581,6.5,12.6,3.23,10,11.1,0.1,20,6,377,0.52,2.71
Ladd McConkey,124030,WR,LAC,17,10.7,14,73.4,62.5,15,24,0,6.2,6,0.04,60,27,2,73.6,36.7,84.3,,85,0.5,3,2,86,0,0,554,1,44.3,91,93.7,519,69.3,384,123.3,124,8,30,166,1346,477,5.2,14.8,2.59,23,20.7,-0.11,33,12,180.9,0.22,2.74
Tyreek Hill,10799,WR,MIA,17,11.9,12,66.9,40,10,25,2,3.6,3,0.05,54,17,0,85.3,84.1,72.7,,77.3,0.2,1,3,80,0,0,584,7,49.5,81,93.7,547,34.6,202,97.1,121,6,64.6,377,959,287,3.5,11.8,1.75,28,26.7,-0.05,78,13,53.5,0.35,2.55
AJ Brown,48327,WR,PHI,17,12.8,17,66.9,59.4,19,32,0,2.5,2,0.19,63,24,0,89.8,82.1,90.2,,90.9,0,0,3,67,0,0,505,3,48.8,79,94.1,475,17.2,87,116.6,118,9,82.8,418,1242,404,5.1,15.7,2.61,17,18,0.06,37,10,220.3,0.26,2.82
Khalil Shakir,84140,WR,BUF,18,5.5,23,81.7,46.7,7,15,1,2.1,2,0.27,42,4,1,88.9,58.4,78.9,61.6,80.1,0.4,2,1,52,0.2,1,498,3,50.9,94,91,453,72.1,359,110.7,115,4,26.9,134,995,704,7.5,10.6,2.2,103,83.6,-0.23,113,51,168.4,0.27,2.31
Mike Evans,8642,WR,TB,15,12.5,5,71.1,63.2,12,19,0,4.7,4,0.26,60,30,0,79.1,82.1,90.4,,90.2,0,0,5,57,0,0,463,0,57,81,94,435,34.3,159,118.2,114,12,65.7,304,1096,253,3.1,13.5,2.52,34,33.3,-0.02,17,14,84.8,0.24,2.83
Xavier Worthy,144718,WR,KC,20,9.2,8,68.4,38.5,5,13,0,7.1,6,0.16,49,16,0,67.1,83.8,71.8,,71.6,0.5,3,2,54,0,0,655,3,53.1,78,93.7,614,36.3,238,111.9,114,9,61.8,405,925,526,6.7,11.9,1.51,37,40.4,0.08,47,17,109.9,0.17,2.07
Calvin Ridley,48262,WR,TEN,17,16,7,56.6,45.8,11,24,1,11.1,8,-0.16,40,31,0,48.9,49.2,73.1,,74.7,0,0,4,63,0,0,583,2,40.7,64,93.7,546,21.6,126,83.8,113,4,78.2,456,1017,234,3.7,15.9,1.86,50,51.6,0.03,88,25,47.3,0.19,2.78
Zach Ertz,7816,TE,WAS,20,7.8,3,75.7,64.7,11,17,0,5.6,5,0.21,51,32,1,76.5,54.5,67,64.7,72.5,32.1,214,2,37,2.2,15,667,6,53.5,84,92.2,615,56.8,379,112,111,8,9.7,65,809,237,2.8,9.6,1.32,180,163.3,-0.1,110,25,124.4,0.23,2.49
Jauan Jennings,48027,WR,SF,15,10.5,12,69.4,62.5,20,32,3,4.9,4,0.04,47,28,1,77.1,50.8,83.1,74.8,83.7,0,0,3,45,0.4,2,459,6,48.4,77,94.1,432,41.6,191,103.2,111,6,58.4,268,975,239,3.1,12.7,2.26,66,75.7,0.13,53,37,173.3,0.22,3.15
Michael Pittman,29049,WR,IND,16,10.9,5,65.1,53.6,15,28,0,4.2,3,-0.05,35,14,1,80.3,47.2,72.2,67,72.6,0.2,1,4,33,0.4,2,511,4,40,69,94.1,481,24.9,127,81.8,106,3,75,383,808,261,3.8,11.7,1.68,93,92.3,-0.01,122,47,200.4,0.22,2.5
Tee Higgins,61211,WR,CIN,12,11.2,14,70.2,46.7,14,30,0,2.7,2,0.21,48,7,1,87.3,48.5,88.2,,88.3,0.2,1,1,42,0,0,476,3,56.4,73,93.5,445,20,95,125.1,104,10,79.8,380,911,224,3.1,12.5,2.05,18,25.2,0.29,12,11,209.6,0.27,3.55
Josh Downs,122832,WR,IND,14,6.7,7,70.6,46.7,7,15,0,5.3,4,-0.02,40,14,0,76.3,86.2,84.8,64.5,85.1,0.3,1,3,69,0.3,1,386,2,41.5,72,94.6,365,84.5,326,97.8,102,5,14,54,803,403,5.6,11.2,2.2,67,85.3,0.21,67,38,138.4,0.23,2.31
DeVonta Smith,61100,WR,PHI,17,9.7,10,83.2,43.8,7,16,0,4.5,4,0.18,49,24,0,79.8,82.3,81.2,,83.5,0.4,2,3,49,0,0,535,4,50.2,84,94.2,504,55.7,298,126.2,101,9,43.9,235,1023,359,4.3,12.2,2.03,55,51.5,-0.07,48,29,201.8,0.23,2.62
Darnell Mooney,48236,WR,ATL,16,12.8,7,64,39.1,9,23,0,7.2,5,0.02,48,2,0,66,80.9,74,,74.6,0,0,3,49,0,0,566,2,48.3,64,93.1,527,40.3,228,100.9,100,5,58.1,329,992,268,4.2,15.5,1.88,82,105.7,0.22,71,44,82.3,0.11,2.57
Jordan Addison,123000,WR,MIN,16,14.1,5,66,54.5,12,22,0,5.7,4,0.06,41,18,0,74,81.5,72.9,67.4,73.6,0.2,1,3,69,0.2,1,603,4,49.7,66,91.5,552,30,181,112.2,100,9,69.3,418,904,223,3.4,13.7,1.64,83,74.9,-0.11,43,45,135.1,0.19,3.07
Rome Odunze,73774,WR,CHI,17,14.2,4,56.3,72.2,13,18,0,8.5,5,-0.07,37,6,2,61.7,25.7,63.8,76.6,65.3,0,0,1,47,0.4,3,679,1,41.6,54,91.9,624,35.3,240,86.9,96,3,64.4,437,734,261,4.8,13.6,1.18,68,63.5,-0.07,145,39,146.1,0.2,3.32
Quentin Johnston,123085,WR,LAC,16,12.2,13,59.1,30.4,7,23,0,9.8,6,0.08,32,27,0,48.2,80.5,67.4,,68.2,0,0,2,66,0,0,464,1,45.1,55,93.8,435,11.9,55,102.9,93,8,88.1,409,711,313,5.7,12.9,1.63,188,189,0.01,76,73,173.2,0.24,3.27
Jameson Williams,101701,WR,DET,16,12.4,3,64.1,46.2,6,13,0,3.3,2,0.23,43,11,0,77,82.3,74.5,,75.1,0,0,4,82,0,0,535,4,52.6,59,96.8,518,35.1,188,109,92,7,64.9,347,1020,490,8.3,17.3,1.97,64,45.8,-0.4,51,35,219.9,0.22,3.1
George Kittle,11901,TE,SF,15,8.9,7,84.8,70.6,12,17,0,2.5,2,0.07,50,28,0,89.8,82.1,92.1,62.8,92.4,57,285,2,43,11.6,58,500,4,49.3,78,84.4,422,30.8,154,136.7,92,8,10,50,1106,512,6.6,14.2,2.62,31,35.8,0.13,36,3,161.5,0.29,2.78
Hunter Henry,10669,TE,NE,16,7.9,2,74.2,52.4,11,21,1,1.5,1,-0.09,40,19,0,90.3,81.1,70,58.3,73.4,40.5,225,1,35,5.2,29,556,5,44.8,66,87.2,485,51.8,288,98.2,89,2,6.3,35,674,274,4.2,10.2,1.39,174,159.8,-0.09,158,19,178.8,0.21,2.98
Cade Otton,61071,TE,TB,15,5.8,12,70.9,58.8,10,17,0,10.3,7,0.15,33,30,2,52.4,25.9,64.1,62,63.1,50.4,289,3,44,10.5,60,573,4,52.2,61,84.3,483,33.3,191,92.8,86,4,16.2,93,632,331,5.4,10.4,1.31,214,176.2,-0.21,120,30,122.2,0.12,2.07
Sam LaPorta,101690,TE,DET,17,7.6,9,77.6,70,7,10,0,1.5,1,0.19,42,11,0,90.2,80.9,73.6,57.7,79.1,50.3,282,2,52,8.7,49,561,2,52.5,66,88.6,497,26.7,150,126.3,85,8,20.3,114,777,368,5.6,11.8,1.56,79,76.7,-0.03,103,5,106.9,0.21,2.67
Demario Douglas,104155,WR,NE,17,5.9,7,78.6,40,2,5,0,1.5,1,-0.09,31,19,1,90.4,48.6,70,67.4,69.5,0,0,2,36,0.2,1,480,2,44.9,66,92.1,442,79,379,99.5,84,3,20.4,98,621,370,5.6,9.4,1.4,154,147.9,-0.04,170,69,95.8,0.33,2.52
Jaylen Waddle,84088,WR,MIA,15,9.8,3,69.9,50,2,4,0,9.4,6,0.05,38,17,0,57.2,80.8,72.1,,71.5,0.2,1,3,63,0,0,514,0,48.6,58,94.6,486,27.8,143,90.6,83,2,71.8,369,744,238,4.1,12.8,1.53,51,55,0.07,136,26,193.8,0.27,2.94
Mike Gesicki,47153,TE,CIN,17,7.8,4,79.3,56.3,9,16,0,3,2,0.18,38,7,1,78.3,45.6,71.5,56,71.1,8.4,38,0,47,2.4,11,450,1,52.7,65,93.3,420,68.2,307,108.6,82,2,23.1,104,665,245,3.8,10.2,1.58,215,195,-0.1,132,31,70.7,0.22,2.52
Dalton Kincaid,91791,TE,BUF,16,8.9,8,61.7,33.3,2,6,0,7.4,4,0.24,25,4,1,65,50.1,71.5,69.8,71.1,26.8,99,0,35,2.2,8,369,1,50,50,91.1,336,56.4,208,88.5,81,2,15.7,58,519,309,6.2,10.4,1.54,115,131.7,0.13,258,12,126.1,0.42,3.23
Xavier Legette,99197,WR,CAR,16,12.6,7,60.5,52.2,12,23,0,14,8,-0.14,27,5,0,36.5,81.2,59.1,46.2,59.1,0,0,1,35,0.5,2,441,0,40.8,49,94.6,417,30.8,136,89.4,81,4,69.2,305,497,112,2.3,10.1,1.19,147,164.5,0.11,179,64,89.3,0.14,2.48
Jake Ferguson,61081,TE,DAL,14,4.4,15,72.8,50,6,12,1,3.3,2,-0.17,18,9,4,82.4,19.2,54.5,49.7,56.6,30.4,132,0,27,4.6,20,434,9,41.5,59,89.6,389,59.4,258,88.2,81,0,8.5,37,494,328,5.6,8.4,1.27,135,136.4,0.01,228,15,190.1,0.24,2.29
Ray-Ray McCloud III,47895,WR,ATL,17,7,8,76.5,47.1,8,17,0,4.6,3,0.04,29,2,3,77.9,22.1,62.7,80.1,62.8,0,0,3,60,2.2,13,599,3,48.5,62,91.3,547,44.9,269,89.8,81,1,54.9,329,686,342,5.5,11.1,1.25,238,213.7,-0.11,211,92,,,
Dontayvion Wicks,99711,WR,GB,18,12.7,8,51.3,25,4,16,0,18,9,-0.01,27,12,0,29.1,78.1,65.1,,63.8,1.4,5,3,36,0,0,345,2,44.9,41,93,321,35.9,124,73.6,80,5,62.6,216,454,151,3.7,11.1,1.41,252,215.6,-0.17,178,103,75.8,0.19,2.45
Jayden Reed,78171,WR,GB,18,8.5,9,74.7,69.2,9,13,0,14.5,10,0.12,32,12,0,33.3,51.7,71.7,66.2,71.6,0.7,3,0,70,0.2,1,443,0,47.3,59,92.8,411,76.3,338,137.3,79,6,20.1,89,903,410,6.9,15.3,2.2,98,82.5,-0.19,83,48,48.5,0.29,2.2
Tre Tucker,101106,WR,LV,17,12.4,4,60.3,53.3,8,15,0,4.1,2,-0.08,24,23,0,78.7,83.7,57.5,66.2,58,0,0,1,58,0.1,1,683,1,44.6,47,93.7,640,24.7,169,88.6,78,3,75.3,514,539,209,4.4,11.5,0.84,203,211.8,0.04,154,76,161.7,0.17,2.38
Pat Freiermuth,84085,TE,PIT,18,6.2,5,87.2,85.7,6,7,0,6.8,5,0.01,32,25,3,67.9,26.8,67.2,52.6,70,29.4,152,1,30,4.1,21,517,1,42.4,68,90.9,470,53.8,278,126.9,78,7,16.6,86,668,286,4.2,9.8,1.42,257,213.6,-0.2,140,39,113.6,0.22,2.77
Jalen Tolbert,61637,WR,DAL,17,12.3,3,66.2,52.4,11,21,0,7.5,4,-0.19,29,9,0,65,79.6,60.7,,62.8,0,0,2,48,0,0,597,4,40.3,49,92.6,553,30,179,111.9,74,7,70,418,610,175,3.6,12.4,1.1,261,215.8,-0.21,155,105,44.3,0.1,2.46
Romeo Doubs,84329,WR,GB,14,12.1,4,66.7,66.7,12,18,0,9.4,5,0.13,34,12,0,56.7,79.1,69.7,,71,0,0,2,39,0,0,406,3,49.1,48,93.3,379,13.3,54,100.1,72,4,86.7,352,614,144,3,12.8,1.62,142,151.3,0.06,137,61,163.4,0.21,2.97
Dallas Goedert,47272,TE,PHI,14,6.7,7,83.1,50,3,6,1,4.8,3,0.17,29,24,2,76.2,26.5,72.6,62.6,75.8,43.6,156,1,61,2.8,10,358,3,50.6,59,91.1,326,43.9,157,116.6,71,3,11.7,42,711,390,6.6,12.1,2.18,134,141.4,0.05,123,14,185.1,0.24,3.08
Kyle Pitts,83964,TE,ATL,17,8.7,9,67.1,25,4,16,0,7.8,4,0.03,21,2,0,65.4,79.7,59.6,35.5,63.9,38.2,195,4,52,4.7,24,511,4,49,47,88.5,452,41.3,211,89.1,70,4,20.5,105,602,272,5.8,12.8,1.33,145,138.7,-0.05,152,16,210.8,0.22,2.4
Darius Slayton,25578,WR,NYG,16,13.7,6,55.7,60,12,20,0,15.2,7,-0.14,30,21,0,29.9,79.3,59,74.3,59.9,0,0,2,43,0.5,3,575,5,42.7,39,92.3,531,20.7,119,80.2,70,2,79.3,456,573,135,3.5,14.7,1.08,143,191.4,0.25,167,62,96.8,0.13,2.62
Tucker Kraft,104034,TE,GB,18,4.7,15,78.6,57.1,4,7,0,3.5,2,0.06,31,12,1,82.4,26.5,67.8,61,71,53.8,291,2,67,5.2,28,541,4,47.5,55,87.6,474,32.3,175,131.7,70,7,13.3,72,733,486,8.8,13.3,1.55,90,114,0.21,118,8,117.2,0.27,3.55
Kayshon Boutte,124087,WR,NE,15,14.5,5,64.2,75,9,12,1,10.4,5,0.01,25,19,0,47.6,78.8,61.4,,62.5,0.8,4,2,48,0,0,507,3,48.3,43,91.9,466,13.6,69,94.7,67,3,85.6,434,589,152,3.5,13.7,1.26,245,215.5,-0.14,,98,124.1,0.2,3.76
Alec Pierce,78038,WR,IND,16,22.8,0,56.1,47.6,10,21,0,7.5,3,-0.01,32,14,0,57.8,78,74.3,68.1,75.3,0,0,5,65,0.2,1,485,1,42.4,37,93.2,452,17.1,83,104.6,66,7,82.9,402,824,118,3.2,22.3,1.82,206,202.1,-0.02,84,79,183.3,0.23,3.9
Juwan Johnson,28305,TE,NO,17,8.2,6,78.1,66.7,8,12,0,3.8,2,-0.19,27,20,2,74.1,25.1,66.7,20,71.3,40.8,191,1,30,5.6,26,468,3,38,50,87.6,410,42.3,198,111.5,64,3,16.7,78,548,221,4.4,11,1.34,200,213.2,0.06,210,28,183.9,0.22,2.39
Keon Coleman,144949,WR,BUF,16,15.4,4,50,36.8,7,19,2,13.5,5,0.17,22,4,0,48.3,77.7,68.3,,68.8,0,0,2,64,0,0,405,5,45.8,32,92.1,373,11.9,48,89.2,64,4,87.9,356,578,226,7.1,18.1,1.55,99,88,-0.13,169,49,102.4,0.18,2.69
TJ Hockenson,40912,TE,MIN,11,9,4,71.9,64.7,11,17,0,4.2,2,0.03,33,18,0,77.3,78.9,74.8,62,78.9,56,205,2,34,2.2,8,366,0,48.4,46,91,333,30.1,110,88,64,1,13.9,51,519,180,3.9,11.3,1.56,89,86.2,-0.03,153,7,112.8,0.16,2.17
Jalen McMillan,131905,WR,TB,14,12.8,1,62.9,25,3,12,1,11.4,5,0.18,25,30,0,50.9,80.6,60.8,69,62.8,0,0,6,33,0.2,1,437,5,56,39,94.5,413,26.3,115,88.2,62,8,72.1,315,502,140,3.6,12.9,1.22,251,210.7,-0.19,79,102,29.9,0.22,2.3
Tutu Atwell,77965,WR,LA,18,12.2,1,69.4,25,2,8,0,6.5,3,0,30,26,0,67.4,79.1,72.7,,73.9,0,0,2,50,0,0,277,1,50.4,43,93.5,259,36.1,100,85.4,62,0,63.9,177,580,124,2.9,13.5,2.24,246,215.4,-0.14,253,99,31.2,0.17,5.2
Chris Godwin,11839,WR,TB,7,5.6,9,83.3,50,4,8,0,0,0,0.12,32,30,1,90.5,38.3,86.3,71.5,85.7,0,0,1,55,2.6,7,265,0,53,50,92.1,244,61.9,164,127.5,60,5,38.1,101,576,347,6.9,11.5,2.36,124,100,-0.24,13,58,81,0.19,2.45
Andrei Iosivas,109811,WR,CIN,17,11.7,0,61,58.3,7,12,0,10,4,0.13,26,7,0,55.1,77.6,52.7,65.7,54.3,0,0,1,39,0.2,1,620,2,52.2,36,92.4,573,52.4,325,113.6,59,6,47.6,295,479,75,2.1,13.3,0.84,219,207.1,-0.06,185,84,89.9,0.11,2.5
Calvin Austin III,61418,WR,PIT,18,13.6,2,63.8,63.6,7,11,0,5.1,2,-0.03,19,25,0,72.6,61.9,63.8,,64.6,0,0,0,55,0,0,423,1,41.9,37,96,406,62.6,265,119.4,58,4,37.4,158,573,153,4.1,15.5,1.41,224,215.1,-0.04,163,89,86.2,0.19,2.78
Cole Kmet,60995,TE,CHI,17,7.1,3,85.5,87.5,7,8,0,2.1,1,-0.05,25,6,0,78.7,79.2,60.6,72.4,58.6,33.1,215,1,31,12,78,649,4,43,47,80.6,523,54.1,351,119.2,55,4,10.9,71,474,187,4,10.1,0.91,258,215.4,-0.2,133,40,76.7,0.1,2.56
Noah Brown,11993,WR,WAS,11,11.8,2,64.8,42.9,6,14,0,5.4,2,0.21,21,32,0,71.4,77.4,70.7,,70.2,0,0,1,52,0,0,295,0,54.3,35,94.2,278,19,56,89.5,54,1,81,239,453,88,2.5,12.9,1.63,260,215.7,-0.21,,104,13.3,0.13,2.66
Brenton Strange,101694,TE,JAX,17,7.4,9,74.1,45.5,5,11,1,4.8,2,0.06,21,15,1,75.5,30.4,66,53.6,68.2,39.4,130,0,30,12.1,40,330,3,47.8,40,83.6,276,43.3,143,107.9,54,2,14.2,47,411,189,4.7,10.3,1.49,179,154.2,-0.16,242,24,118,0.2,2.57
Marvin Mims,122937,WR,DEN,18,7.3,7,75.9,25,1,4,0,4.7,2,0.23,15,10,1,75.3,70.5,68.6,70.7,72.8,0.4,1,2,93,0.4,1,228,0,48.6,41,95.2,217,36.4,83,126.7,54,6,50,114,515,483,11.8,12.6,2.37,118,118.6,0.01,107,54,89,0.24,1.82
Troy Franklin,146567,WR,DEN,17,14.5,3,57.7,16.7,1,6,1,11.8,4,0.03,13,10,0,49.6,77.2,54.3,,55.8,0,0,1,43,0,0,297,4,44.8,30,93.9,279,33,98,86.8,52,3,67,199,317,159,5.3,10.6,1.14,205,190.8,-0.07,,78,173.1,0.26,2.47
Noah Gray,60878,TE,KC,20,6.6,3,84.6,100,6,6,0,0,0,0.07,25,16,0,90.3,79.2,71.3,71.4,73.2,57,235,2,35,9,37,412,2,52.2,44,85,350,26.9,111,118.9,52,5,12.1,50,452,210,4.8,10.3,1.29,244,215.2,-0.13,174,34,38.8,0.07,1.85
Christian Watson,66581,WR,GB,15,18.7,1,56.9,66.7,10,15,0,6.5,2,0.21,21,12,1,67.3,28.6,70,66.2,72.2,0.7,2,2,60,0.3,1,295,2,50.9,29,92.9,274,32.5,96,96.9,51,2,66.8,197,620,155,5.3,21.4,2.26,265,215.4,-0.23,,109,132.4,0.32,3.68
Adonai Mitchell,146712,WR,IND,17,14.7,1,45.1,0,0,5,0,14.8,4,-0.23,16,14,2,41.4,20.3,57.9,,61.4,0,0,0,36,0,0,221,1,37,23,93.2,206,23.5,52,65.2,51,0,76.5,169,312,104,4.5,13.6,1.51,220,208.1,-0.06,289,85,,,
KaVontae Turpin,47658,WR,DAL,17,9.5,4,64.6,16.7,1,6,1,11.4,4,-0.01,18,9,1,50.6,29.8,71.2,,70,0,0,2,64,0,0,216,1,46.1,31,94.4,204,77.8,168,88.9,48,2,19.4,42,420,264,8.5,13.5,2.06,250,215.2,-0.16,216,101,86.5,0.23,2.01
Jalen Nailor,84292,WR,MIN,18,12.8,0,66,40,2,5,1,11.4,4,0.04,24,18,0,50.8,78,59.3,,60.3,0,0,0,33,0,0,462,3,47.4,31,92.2,426,49.4,228,136.3,47,6,50.6,234,447,108,3.5,14.4,1.05,240,215.4,-0.11,,94,98.7,0.15,3.18
Jalen Coker,143068,WR,CAR,11,11.4,4,71.1,62.5,5,8,0,3,1,-0.15,23,5,0,78.9,77.1,72.8,,73.8,0,0,1,83,0,0,298,2,40.5,32,93.3,278,61.1,182,111.2,45,2,38.6,115,478,176,5.5,14.9,1.72,148,190.2,0.22,138,65,90.4,0.21,2.74
Brandon Aiyuk,84109,WR,SF,7,12.5,3,55.6,57.1,4,7,1,10.7,3,0.13,19,28,0,55.1,75.9,74.6,,74.1,0,0,2,53,0,0,225,1,50.7,25,95.6,215,19.6,44,64.5,45,0,80.4,181,374,104,4.2,15,1.74,122,126.1,0.03,157,56,,,
Ricky Pearsall,100660,WR,SF,11,11.3,0,70.5,55.6,5,9,0,3.1,1,0.03,19,28,0,78.5,79.2,63.9,66.2,64.1,0,0,3,46,0.3,1,325,2,47.9,31,94.2,306,39.7,129,93,44,3,60,195,400,110,3.5,12.9,1.31,62,59.3,-0.05,92,33,88.6,0.18,2.33
Theo Johnson,129787,TE,NYG,12,6.9,3,67.4,62.5,5,8,0,14.7,5,-0.16,16,21,0,49.8,76.6,53.6,63.4,55.7,42.7,195,2,35,13.8,63,457,5,41.7,29,80.3,367,47.3,216,78.7,43,1,7.7,35,331,160,5.5,11.4,0.9,175,207.3,0.16,251,20,127.8,0.15,2.84
Ja'Tavion Sanders,144717,TE,CAR,16,6.3,5,76.7,75,3,4,0,10.8,4,-0.13,13,5,1,52.7,28.5,52.5,56.3,53.8,33.1,120,0,46,7.7,28,362,4,41.1,33,86.7,314,50.8,184,106.9,43,1,15.2,55,342,188,5.7,10.4,1.09,199,196.7,-0.01,274,27,54,0.14,1.86
Chris Olave,84355,WR,NO,8,10.6,0,74.4,66.7,6,9,0,3,1,0,22,20,1,80.4,28.6,82.4,39.9,83,0,0,2,39,0.5,1,202,1,45,32,93.1,188,28.2,57,91.2,43,1,70.8,143,400,118,3.7,12.5,2.13,69,67.4,-0.02,98,40,270,0.3,2.67
Rashid Shaheed,63707,WR,NO,6,18.1,0,50,0,0,7,0,0,0,-0.02,12,20,0,83.6,82.6,69.7,,69.2,0,0,4,70,0,0,182,2,46.2,20,94,171,25.3,46,65.5,40,3,74.2,135,349,102,5.1,17.5,2.04,84,105.4,0.2,40,46,,,
AJ Barner,129433,TE,SEA,17,3.6,6,81.1,75,3,4,1,9.1,3,0.02,18,29,0,58,76.5,61,56.8,63.7,48.5,126,1,20,10.8,28,260,5,47.1,30,83.1,216,39.6,103,119,37,4,9.2,24,245,173,5.8,8.2,1.13,201,215.8,0.07,,29,147.3,0.18,2.38
Malik Washington,97108,WR,MIA,14,5.4,2,72.2,42.9,3,7,1,7.1,2,-0.01,13,17,0,64.1,86.2,57.7,64.9,60.8,0.7,2,0,20,0.4,1,270,2,47.9,26,95.6,258,52.2,141,88.1,36,0,47,127,223,123,4.7,8.6,0.86,243,206.7,-0.18,,97,112.7,0.2,1.79
Jahan Dotson,84375,WR,PHI,21,10.4,4,62.9,20,1,5,1,0,0,0.11,15,24,0,84.9,77.2,54.8,,55,0.4,2,0,36,0,0,517,1,46.9,22,94.4,488,32.5,168,96,35,1,67.1,347,269,90,4.1,12.2,0.55,264,215.8,-0.22,268,108,50.2,0.08,2.79
Michael Mayer,122906,TE,LV,11,6.1,4,67.7,25,1,4,0,4.5,1,-0.01,8,23,0,60.5,74.9,57.7,67.1,52.2,60.8,175,0,29,14.2,41,288,2,46,21,80.9,233,31.9,92,79.5,31,0,5.9,17,156,63,3,7.4,0.67,218,215.9,-0.01,,33,73.8,0.16,2.11
Rashee Rice,97605,WR,KC,4,5.2,8,82.8,0,0,1,1,4,1,-0.03,15,16,0,74.2,75.8,85.1,,85.5,0,0,1,44,0,0,99,1,50.5,24,91.9,91,50.5,50,116.7,29,2,49.5,49,288,185,7.7,12,3.16,53,55.9,0.05,,27,148.1,0.36,2.55
Tyler Higbee,10744,TE,LA,5,3.1,3,80,100,3,3,0,9.1,2,0.04,10,26,0,58.1,74.4,76.4,68.4,79.1,70.5,67,0,23,8.4,8,95,0,48.9,20,90.5,86,9.5,9,135.9,25,3,20,19,178,113,5.7,8.9,2.07,256,215.3,-0.19,,38,71.1,0.19,2.84
Ben Sinnott,122616,TE,WAS,20,4.2,0,100,,0,0,0,0,0,0.16,3,32,0,74.6,68.8,53.2,81,49.1,52.2,71,0,23,12.5,17,136,3,53.2,6,81.6,111,27.2,37,141.7,6,1,10.3,14,51,26,4.3,8.5,0.46,268,215.8,-0.24,,42,28.4,0.08,2.58
Anthony Richardson,124393,QB,IND,11,-11,0,100,,0,0,1,0,0,-0.14,0,14,4,,28.2,62.2,,57.6,0,0,0,-1,0,0,318,4,37,1,0.3,1,0,0,79.2,1,0,0,0,-1,10,10,-1,-1,213,212.4,0,129,33,,,
Patrick Mahomes,11765,QB,KC,19,-1,0,100,,0,0,1,0,0,0.13,0,16,4,,67.6,83.3,,,0,0,0,2,0,0,825,2,51.6,1,0,0,0,0,79.2,1,0,0,0,2,3,3,2,,73,81.2,0.1,114,6,,,
Jared Goff,10635,QB,DET,18,5,0,100,,0,0,0,0,0,0.24,1,11,7,64.7,64.1,78.8,78,88.6,0,0,0,7,0.3,2,653,2,53.7,1,0.5,3,0,0,135.4,1,1,0,0,7,2,2,7,2.33,114,120,0.05,68,16,,,
Bo Nix,97790,QB,DEN,18,2,0,100,100,1,1,1,0,0,0.01,1,10,1,64.7,91.6,78.3,,90.3,0,0,0,2,0,0,714,9,44.2,1,0.3,2,0,0,118.8,1,1,0.1,1,2,0,0,2,1,86,95.6,0.1,99,8,,,
