player,player_id,position,team_name,player_game_count,accuracy_percent,aimed_passes,attempts,avg_depth_of_target,avg_time_to_throw,bats,big_time_throws,btt_rate,completion_percent,completions,declined_penalties,def_gen_pressures,drop_rate,dropbacks,drops,epa,first_downs,franchise_id,grades_hands_fumble,grades_offense,grades_pass,grades_run,hit_as_threw,interceptions,passing_snaps,penalties,positive_epa_percent,pressure_to_sack_rate,qb_rating,sack_percent,sacks,scrambles,spikes,thrown_aways,touchdowns,turnover_worthy_plays,twp_rate,yards,ypa,year,AVG,fantasyPts,ptsPerDb
Tom Brady,698,QB,NE,19,75.1,678,720,9.6,2.62,9,49,6.3,65.8,474,0,239,6.9,767,35,0.25,289,19,87.6,94.2,93.4,57.4,6,8,827,2,49.4,16.3,103.9,5.1,39,8,2,25,40,16,1.9,5709,7.9,2019,104.3,351.9,0.55
Ben Roethlisberger,1732,QB,PIT,16,72.8,584,619,9.6,2.49,12,35,5.3,64.1,397,0,182,6.6,654,28,0.2,235,25,80.9,86.5,84.5,61.5,8,15,697,2,48.9,12.6,95.0,3.5,23,12,4,11,33,21,3.0,4720,7.6,2019,133.0,275.2,0.44
Drew Brees,802,QB,NO,18,80.1,567,609,7.4,2.51,5,36,5.7,71.3,434,0,146,4.4,638,20,0.23,236,20,89.7,89.2,87.9,56.7,4,11,667,6,52.4,15.8,103.5,3.6,23,5,3,30,28,19,2.8,5004,8.2,2019,105.2,219.5,0.54
Matt Ryan,4317,QB,ATL,18,76.5,554,595,8.8,2.67,8,22,3.5,64.7,385,1,222,9.2,644,39,0.19,232,2,74.7,88.3,86.7,62.1,9,12,674,3,50.0,13.5,91.6,4.7,30,19,3,21,22,8,1.2,4523,7.6,2019,90.3,297.4,0.44
Philip Rivers,1725,QB,LAC,16,75.4,524,575,9.2,2.52,11,24,3.9,62.6,360,0,223,8.9,596,35,0.23,217,27,65.2,80.4,79.9,47.6,3,10,634,13,48.2,8.1,96.0,3.0,18,2,2,35,28,23,3.6,4515,7.9,2019,174.9,251.0,0.45
Matthew Stafford,4924,QB,DET,16,74.3,534,565,8.8,2.62,15,31,5.1,65.7,371,0,230,6.5,628,26,0.09,218,11,32.6,78.6,76.4,66.6,6,10,674,1,46.8,20.0,99.3,7.3,46,17,0,10,29,25,3.7,4446,7.9,2019,108.4,268.6,0.46
Russell Wilson,7077,QB,SEA,16,73.1,506,553,10.5,3.12,6,36,6.0,61.3,339,0,271,8.4,655,31,0.11,207,29,50.0,78.8,75.3,75.2,4,11,713,7,47.0,15.9,95.4,6.6,43,55,4,33,34,26,3.6,3983,7.2,2019,70.2,378.6,0.57
Kirk Cousins,7102,QB,WAS,16,74.4,507,540,8.2,2.66,11,23,4.1,64.3,347,0,222,8.0,606,30,0.02,202,32,52.4,70.0,68.7,65.3,7,13,626,6,44.9,18.5,93.9,6.8,41,24,0,15,27,21,3.4,4093,7.6,2019,167.3,319.2,0.56
Cam Newton,6153,QB,CAR,17,69.8,493,532,9.0,2.81,9,19,3.4,59.2,315,1,194,8.4,603,29,0.07,195,5,72.6,68.7,67.7,64.4,6,16,641,5,43.9,20.1,82.5,6.5,39,32,2,22,24,21,3.3,3651,6.9,2019,130.4,259.5,0.62
Jared Goff,10635,QB,LA,16,71.3,480,522,8.7,2.83,9,28,5.1,61.3,320,0,198,6.4,560,22,0.13,189,26,68.4,75.5,74.9,54.1,6,7,589,5,43.8,14.1,98.5,5.0,28,10,2,25,29,17,2.9,4063,7.8,2019,134.1,259.0,0.43
Marcus Mariota,9435,QB,TEN,17,70.8,490,521,9.5,2.81,7,31,5.6,61.8,322,0,182,7.2,588,25,0.01,183,31,87.0,76.2,72.1,79.6,2,16,626,3,44.7,20.3,81.2,6.3,37,30,1,21,17,16,2.6,3691,7.1,2019,284.5,26.8,0.84
Derek Carr,8671,QB,OAK,15,72.8,492,515,8.4,2.4,6,17,3.1,62.7,323,0,148,9.8,544,35,0.03,169,23,39.1,68.9,69.9,29.6,1,13,586,2,43.9,13.5,86.4,3.7,20,9,0,16,22,24,4.1,3496,6.8,2019,183.0,295.1,0.52
Andy Dalton,6187,QB,CIN,16,71.6,450,496,8.8,2.51,8,28,5.4,59.9,297,0,170,7.8,548,25,-0.06,167,7,90.5,72.7,72.3,54.7,4,12,575,3,40.9,22.9,86.6,7.1,39,12,1,33,25,21,3.7,3320,6.7,2019,277.5,146.2,0.39
Dak Prescott,10769,QB,DAL,16,74.3,452,490,8.8,2.8,8,19,3.6,62.9,308,1,203,8.3,554,28,0.0,179,9,90.6,72.2,67.8,78.5,9,13,606,1,44.9,15.8,86.6,5.8,32,32,2,19,22,17,2.8,3324,6.8,2019,61.2,133.5,0.56
Jacoby Brissett,10725,QB,IND,16,73.1,420,469,7.9,2.96,7,15,3.0,58.8,276,0,225,10.1,561,31,-0.06,154,14,60.4,62.4,62.6,52.3,12,7,591,2,40.6,23.1,81.7,9.3,52,40,3,27,13,16,2.7,3098,6.6,2019,334.0,20.6,1.87
Tyrod Taylor,6332,QB,BUF,16,72.3,422,457,8.7,3.16,13,16,3.3,61.3,280,0,209,8.2,552,25,0.05,160,4,78.7,77.7,74.5,72.6,3,5,584,2,43.3,22.5,85.5,8.5,47,45,0,19,14,8,1.4,2933,6.4,2019,213.1,8.9,0.26
Jameis Winston,9434,QB,TB,13,70.8,421,442,11.0,2.73,2,23,4.9,63.8,282,1,166,5.4,500,16,0.11,188,30,28.4,73.7,74.4,58.3,7,11,529,8,50.8,19.9,92.2,6.6,33,25,3,9,19,27,5.1,3504,7.9,2019,257.9,2.4,0.17
Carson Wentz,10636,QB,PHI,13,69.6,411,440,10.3,2.75,10,29,6.2,60.2,265,0,179,7.3,502,21,0.23,174,24,35.3,84.9,84.7,60.1,7,7,537,3,47.4,15.6,101.9,5.6,28,32,0,12,33,17,3.2,3296,7.5,2019,103.3,211.4,0.42
Aaron Rodgers,2241,QB,GB,7,76.3,215,238,7.3,2.77,4,11,4.2,64.7,154,0,98,6.1,276,10,0.14,94,12,80.6,79.2,74.9,86.4,2,6,302,3,48.9,22.4,97.2,8.0,22,16,1,16,16,10,3.3,1675,7.0,2019,119.8,391.9,0.69
Nick Foles,7089,QB,PHI,9,74.7,190,207,8.8,2.59,2,9,4.1,64.7,134,0,70,5.6,215,8,0.2,78,24,29.7,73.2,73.8,39.6,4,3,225,1,49.8,10.0,98.1,3.3,7,1,0,11,11,7,3.1,1508,7.3,2019,245.9,112.2,0.33
Deshaun Watson,11767,QB,HST,7,65.6,195,204,11.5,3.09,2,17,7.5,61.8,126,0,115,1.6,241,2,0.21,91,13,51.6,68.1,64.1,74.9,1,8,267,1,49.0,16.5,103.0,7.9,19,18,2,4,19,12,4.5,1699,8.3,2019,72.8,380.3,0.58
Jimmy Garoppolo,8697,QB,SF,6,74.0,169,178,9.4,2.64,2,4,2.2,67.4,120,0,62,4.0,190,5,0.31,81,28,72.9,86.6,86.8,46.7,2,5,196,0,55.3,12.9,96.2,4.2,8,4,2,3,7,4,2.0,1560,8.8,2019,156.6,69.3,0.45
Ryan Fitzpatrick,2467,QB,TB,6,67.7,155,163,9.7,2.58,3,7,4.0,58.9,96,0,62,8.6,180,9,0.11,67,30,90.0,67.9,67.7,62.5,1,3,194,3,48.3,11.3,86.0,3.9,7,10,0,4,7,6,3.1,1103,6.8,2019,230.4,154.7,0.52
Tom Brady,698,QB,NE,19,76.0,653,695,8.1,2.45,6,33,4.5,66.2,460,0,175,7.3,723,36,0.19,259,19,78.9,90.7,88.5,74.7,4,14,761,1,51.3,12.6,95.5,3.0,22,5,2,30,31,20,2.6,5308,7.6,2018,128.7,271.7,0.42
Jared Goff,10635,QB,LA,19,74.8,596,667,9.2,2.83,12,39,5.5,63.4,423,0,232,5.2,729,23,0.17,276,26,56.2,84.3,83.6,53.3,9,14,771,3,50.8,16.8,96.4,5.3,39,23,4,46,33,30,3.9,5400,8.1,2018,88.7,273.5,0.41
Matt Ryan,4317,QB,ATL,16,77.8,576,608,8.9,2.61,8,24,3.8,69.4,422,0,219,5.8,668,26,0.21,243,2,44.1,84.3,80.6,79.7,2,7,706,1,52.7,19.2,108.1,6.3,42,18,1,21,35,21,3.0,4924,8.1,2018,73.3,289.3,0.42
Kirk Cousins,7102,QB,MIN,16,79.5,561,606,7.9,2.61,17,26,4.1,70.1,425,0,261,4.7,669,21,0.02,220,18,61.1,79.3,79.2,51.4,8,10,705,2,47.8,15.3,99.7,6.0,40,17,3,17,30,17,2.4,4298,7.1,2018,122.0,254.5,0.53
Aaron Rodgers,2241,QB,GB,16,74.0,531,597,9.2,2.94,0,35,5.5,62.3,372,1,225,5.3,681,21,0.13,220,12,60.3,89.0,86.3,77.0,5,2,724,11,46.1,21.8,97.6,7.2,49,34,2,59,25,11,1.5,4442,7.4,2018,60.7,284.1,0.45
Philip Rivers,1725,QB,LAC,18,76.5,549,591,8.7,2.51,12,37,5.9,66.7,394,0,233,6.2,632,26,0.23,236,27,90.9,88.9,87.4,56.7,7,13,674,6,50.2,15.0,102.0,5.5,35,6,0,23,35,24,3.6,4799,8.1,2018,119.3,259.5,0.41
Dak Prescott,10769,QB,DAL,18,75.4,557,591,7.9,2.85,5,21,3.3,67.3,398,0,248,5.2,680,22,0.09,222,9,31.3,74.8,73.0,68.2,7,9,728,4,46.2,23.4,96.3,8.5,58,30,0,22,24,20,2.7,4377,7.4,2018,123.0,350.7,0.55
Case Keenum,7323,QB,DEN,16,75.1,535,586,8.1,2.57,8,20,3.2,62.3,365,0,230,9.2,633,37,-0.01,186,10,46.1,70.0,66.9,81.5,11,15,680,2,43.1,14.8,81.2,5.4,34,12,2,30,18,25,3.7,3890,6.6,2018,403.0,114.5,0.43
Eli Manning,1722,QB,NYG,16,74.9,542,576,7.8,2.52,6,25,4.1,66.0,380,0,213,6.4,627,26,0.05,206,21,55.1,64.3,63.7,59.6,5,11,657,5,43.5,22.1,92.4,7.5,47,4,1,22,21,31,4.7,4299,7.5,2018,228.3,61.4,0.4
Drew Brees,802,QB,NO,17,81.5,541,567,7.7,2.48,7,31,5.2,73.7,418,0,152,5.2,592,23,0.29,226,20,78.9,94.0,93.6,70.3,3,7,627,8,56.4,13.8,112.9,3.5,21,4,1,15,36,15,2.4,4542,8.0,2018,96.3,228.8,0.59
Matthew Stafford,4924,QB,DET,16,75.4,521,555,7.1,2.58,11,30,5.1,66.1,367,0,186,6.6,608,26,0.05,204,11,63.6,77.8,76.6,59.0,5,11,649,1,44.4,21.5,89.9,6.6,40,13,1,17,21,21,3.2,3777,6.8,2018,164.3,177.6,0.55
Deshaun Watson,11767,QB,HST,17,75.3,514,554,8.9,3.06,6,22,3.7,67.5,374,0,296,3.4,685,13,0.12,238,13,43.4,80.9,77.9,75.6,8,10,732,3,48.8,21.6,100.2,9.3,64,65,6,20,27,21,2.9,4400,7.9,2018,50.7,329.4,0.56
Derek Carr,8671,QB,OAK,16,78.9,511,553,7.1,2.45,8,26,4.5,68.9,381,0,183,5.5,612,22,0.01,200,23,46.7,73.2,71.9,64.6,5,10,647,4,49.7,27.9,93.9,8.3,51,8,7,22,19,24,3.7,4049,7.3,2018,158.0,258.4,0.46
Baker Mayfield,46518,QB,CLV,14,74.0,457,486,9.6,2.66,9,40,7.7,63.8,310,1,154,8.3,531,28,0.1,177,8,70.2,83.2,79.9,75.8,2,14,575,1,48.6,16.2,93.7,4.7,25,18,3,15,27,18,3.1,3725,7.7,2018,68.3,252.2,0.43
Russell Wilson,7077,QB,SEA,17,76.7,407,454,9.8,2.98,8,43,8.8,65.6,298,1,212,4.5,538,14,0.19,177,29,47.8,89.1,86.3,74.1,4,7,576,4,47.2,24.5,110.6,9.7,52,31,8,27,36,16,2.8,3681,8.1,2018,97.3,335.6,0.55
Sam Darnold,29048,QB,NYJ,13,69.7,379,414,9.8,2.83,7,16,3.7,57.7,239,0,165,9.5,460,25,-0.05,138,22,71.5,64.7,62.9,62.7,2,15,477,2,43.0,18.2,77.6,6.5,30,16,1,25,17,21,4.4,2865,6.9,2018,157.7,202.2,0.42
Blake Bortles,8638,QB,JAX,13,74.3,369,403,7.7,2.74,14,18,4.3,60.3,243,0,171,11.3,476,31,-0.07,147,15,40.4,63.7,64.4,54.6,8,11,493,3,43.9,18.1,79.8,6.5,31,40,0,12,13,14,2.8,2718,6.7,2018,645.0,-0.8,-0.4
Carson Wentz,10636,QB,PHI,11,78.7,381,401,8.0,2.61,3,18,4.3,69.6,279,0,140,7.0,448,21,0.11,163,24,44.9,79.4,78.5,60.3,10,7,472,3,49.6,22.1,102.2,6.9,31,16,2,5,21,16,3.4,3074,7.7,2018,79.7,292.9,0.43
Josh Rosen,35460,QB,ARZ,14,67.9,352,393,8.8,2.66,10,19,4.5,55.2,217,0,183,9.2,453,22,-0.28,120,1,34.6,49.1,48.2,60.6,6,14,481,4,37.5,24.6,66.7,9.9,45,14,1,24,11,24,5.0,2278,5.8,2018,270.5,23.0,0.18
Joe Flacco,4332,QB,BLT,9,74.9,342,379,9.3,2.58,13,15,3.7,61.2,232,0,113,9.4,400,24,0.04,124,3,76.8,72.0,70.6,71.2,4,6,427,2,43.5,14.2,84.2,4.0,16,4,3,17,12,12,2.8,2465,6.5,2018,202.3,93.9,0.32
Jameis Winston,9434,QB,TB,11,70.3,364,378,11.3,2.88,4,13,3.2,64.6,244,0,150,4.7,441,12,0.16,166,30,60.2,69.9,68.3,69.2,4,14,471,3,52.2,18.0,90.2,6.1,27,36,1,5,19,22,4.7,2992,7.9,2018,100.3,337.4,0.48
Andy Dalton,6187,QB,CIN,11,72.4,341,365,8.9,2.5,6,23,5.9,61.9,226,0,127,8.5,398,21,0.09,136,7,86.5,81.9,79.3,69.7,4,11,428,0,49.0,16.5,89.6,5.3,21,12,3,11,21,16,3.7,2566,7.0,2018,194.0,220.9,0.38
Marcus Mariota,9435,QB,TEN,14,77.1,315,331,7.9,2.81,3,13,3.7,68.9,228,0,141,6.2,409,15,0.06,135,31,48.9,76.8,70.3,83.0,0,8,431,5,48.2,29.8,92.3,10.3,42,35,0,13,11,15,3.5,2528,7.6,2018,209.3,87.0,0.43
Josh Allen,46601,QB,BUF,12,64.7,292,320,11.5,3.2,1,17,4.9,52.8,169,0,172,10.6,396,20,0.03,114,4,50.2,65.3,58.0,81.4,4,12,429,4,43.9,16.3,67.9,7.1,28,47,0,23,10,22,5.1,2074,6.5,2018,134.7,299.6,0.55
Nick Mullens,12282,QB,SF,8,78.2,239,274,7.5,2.51,8,5,1.7,64.2,176,0,109,5.9,292,11,0.1,106,28,69.9,64.6,66.7,37.9,15,10,316,3,46.2,15.6,90.8,5.8,17,1,4,8,13,10,3.2,2277,8.3,2018,652.0,-0.3,
Ryan Tannehill,7014,QB,MIA,11,74.3,249,274,8.5,2.57,10,8,2.7,64.2,176,0,120,4.9,318,9,-0.13,97,17,38.2,45.3,42.4,65.8,3,9,343,1,43.4,29.2,92.7,11.0,35,8,1,11,17,23,6.7,1979,7.2,2018,451.5,234.2,0.7
Nick Foles,7089,QB,PHI,7,75.3,255,266,7.4,2.44,2,8,2.8,69.2,184,0,84,4.2,278,8,0.1,89,24,53.8,76.6,73.7,73.2,2,8,297,3,46.8,11.9,89.2,3.6,10,2,2,5,10,9,3.0,1880,7.1,2018,184.7,41.7,0.33
Ryan Fitzpatrick,2467,QB,TB,8,74.8,234,246,10.8,2.63,4,20,7.7,66.7,164,0,101,6.3,285,11,0.23,118,30,68.0,83.9,82.4,65.4,2,12,302,1,51.9,13.9,100.4,4.9,14,24,0,6,17,17,5.6,2366,9.6,2018,233.0,252.5,0.44
Lamar Jackson,46416,QB,BLT,13,65.4,185,199,8.9,3.2,2,7,3.3,56.8,113,0,95,6.6,243,8,-0.04,77,3,23.7,56.1,56.5,56.8,1,4,258,4,44.4,23.2,83.6,9.1,22,22,2,9,8,11,4.3,1395,7.0,2018,105.0,425.7,0.91
Jeff Driskel,10841,QB,CIN,8,72.4,163,176,8.6,2.59,6,7,3.6,59.7,105,0,70,11.0,203,13,-0.03,56,7,59.8,52.7,51.1,60.8,1,2,223,1,39.4,21.4,82.2,7.4,15,12,0,6,6,8,3.6,1003,5.7,2018,403.0,60.5,0.47
Josh McCown,1085,QB,NYJ,4,70.1,97,110,7.9,2.54,8,1,0.9,54.5,60,0,47,11.8,122,8,-0.25,30,22,86.6,47.0,45.5,65.9,2,4,126,0,36.9,14.9,55.8,5.7,7,5,1,2,1,6,4.8,539,4.9,2018,562.0,0.8,0.16
Jimmy Garoppolo,8697,QB,SF,3,65.5,84,89,9.5,2.96,2,4,4.1,59.6,53,0,48,3.6,107,2,0.06,36,28,33.3,62.6,60.5,63.2,0,3,117,0,49.5,27.1,90.0,12.1,13,5,0,3,5,5,4.3,718,8.1,2018,145.0,266.3,0.51
Tyrod Taylor,6332,QB,CLV,4,62.2,74,85,10.7,2.95,3,2,2.2,49.4,42,0,42,8.7,108,4,-0.17,21,8,60.0,47.0,44.9,61.4,1,2,115,1,33.3,31.0,64.5,12.0,13,10,1,6,2,4,3.5,473,5.6,2018,618.0,6.0,1.0
Chase Daniel,5214,QB,CHI,2,78.1,73,76,8.4,2.74,1,4,4.8,69.7,53,0,29,7.0,87,4,-0.08,24,6,25.1,57.6,67.7,26.3,2,2,94,2,44.8,31.0,90.6,10.3,9,2,0,0,3,2,2.1,515,6.8,2018,572.0,28.0,0.38
Joe Burrow,28022,QB,CIN,17,79.6,612,652,7.7,2.65,8,38,5.5,70.6,460,1,248,5.5,725,27,0.11,264,7,56.9,93.9,92.9,74.8,8,9,775,9,52.4,19.4,108.5,6.6,48,22,1,23,43,15,1.9,4918,7.5,2024,45.4,139.5,0.48
Jayden Daniels,97993,QB,WAS,20,78.1,548,594,7.7,2.95,15,22,3.5,68.4,406,1,259,5.1,736,22,0.15,250,32,75.5,90.6,84.7,90.0,1,10,781,2,51.4,19.7,99.7,6.9,51,87,2,28,30,12,1.5,4390,7.4,2024,33.2,119.3,0.49
CJ Stroud,129759,QB,HST,19,72.2,554,593,8.8,3.02,6,27,4.3,63.6,377,0,273,5.8,702,23,-0.02,229,13,76.3,80.0,77.6,73.3,10,13,741,5,42.9,23.1,87.6,9.0,63,45,1,22,21,21,2.8,4254,7.2,2024,126.0,216.5,0.46
Bo Nix,97790,QB,DEN,18,76.7,545,589,7.9,2.98,16,23,3.7,66.0,389,1,194,6.9,674,29,0.0,204,10,91.6,78.3,73.8,81.2,4,12,712,9,44.1,13.4,93.3,3.9,26,53,1,23,30,13,1.8,3919,6.7,2024,82.6,311.8,0.46
Baker Mayfield,46518,QB,TB,18,79.2,562,588,7.4,2.78,11,22,3.5,71.8,422,0,168,5.2,680,23,0.19,257,30,42.1,85.9,83.6,70.9,6,16,721,3,54.0,24.4,108.1,6.0,41,46,1,8,43,24,3.3,4685,8.0,2024,81.4,284.9,0.45
Matthew Stafford,4924,QB,LA,18,73.2,548,588,8.3,2.62,12,26,4.2,65.5,385,0,200,4.0,628,16,0.06,205,26,58.5,74.7,73.3,57.0,9,8,667,1,48.4,17.5,95.0,5.6,35,4,1,18,24,25,3.7,4295,7.3,2024,166.4,364.4,0.58
Sam Darnold,29048,QB,MIN,18,76.5,532,585,9.3,3.08,8,34,5.4,66.0,386,0,263,5.2,672,21,0.05,232,18,56.9,80.7,77.5,82.5,11,13,725,10,50.0,21.7,100.8,8.5,57,29,1,33,36,27,3.7,4564,7.8,2024,168.4,257.4,0.49
Aaron Rodgers,2241,QB,NYJ,17,73.7,552,584,7.3,2.65,8,26,4.2,63.0,368,0,178,9.6,643,39,-0.03,199,22,78.0,77.6,76.1,71.9,6,11,684,9,44.0,22.5,90.5,6.2,40,16,0,18,28,12,1.8,3897,6.7,2024,182.6,234.0,0.43
Jared Goff,10635,QB,DET,18,79.0,533,579,7.2,2.68,8,19,3.2,71.3,413,0,208,1.9,630,8,0.24,260,11,64.1,78.8,76.3,66.4,5,15,648,2,53.7,15.9,108.2,5.2,33,15,6,27,38,21,3.2,4942,8.5,2024,106.6,315.1,0.51
Geno Smith,7820,QB,SEA,17,78.4,537,578,7.6,2.82,13,28,4.5,70.4,407,1,251,3.3,652,14,0.02,221,29,65.2,83.1,82.4,62.6,4,15,704,10,49.1,19.9,93.2,7.7,50,24,2,22,21,18,2.6,4320,7.5,2024,157.4,190.9,0.36
Josh Allen,46601,QB,BUF,19,74.2,519,565,8.7,2.86,10,43,7.0,64.6,365,0,211,5.2,634,20,0.25,218,4,37.4,91.9,84.1,93.6,5,6,686,3,50.3,9.0,102.6,3.0,19,47,1,30,32,18,2.6,4367,7.7,2024,25.4,378.6,0.68
Caleb Williams,144622,QB,CHI,17,73.4,504,562,8.1,3.03,12,24,3.9,62.5,351,1,241,5.1,682,19,-0.09,190,6,81.6,67.6,63.5,80.4,4,6,741,9,41.5,28.2,87.8,10.0,68,48,4,38,20,19,2.6,3541,6.3,2024,104.8,315.5,0.5
Kyler Murray,38334,QB,ARZ,17,75.9,503,541,7.4,2.84,10,27,4.7,68.8,372,0,180,2.6,614,10,0.09,205,1,66.8,82.1,77.9,81.8,3,11,656,6,51.6,16.7,93.5,4.9,30,40,1,24,21,16,2.4,3851,7.1,2024,95.4,82.8,0.42
Justin Herbert,28237,QB,LAC,18,75.7,498,536,9.2,2.87,10,33,5.7,64.6,346,0,209,8.2,618,31,0.09,196,27,59.2,91.2,90.2,72.4,8,7,662,1,44.7,21.5,97.3,7.3,45,31,3,17,24,16,2.4,4112,7.7,2024,118.6,301.9,0.49
Lamar Jackson,46416,QB,BLT,19,77.0,478,520,9.3,3.2,11,35,6.3,67.3,350,0,232,4.9,597,18,0.32,239,3,44.2,94.9,93.3,90.4,10,5,635,8,52.6,11.2,119.9,4.4,26,47,6,15,45,10,1.6,4601,8.8,2024,26.4,225.9,0.61
Jordan Love,40306,QB,GB,16,74.4,422,458,9.2,2.76,9,17,3.4,62.9,288,1,172,8.3,492,26,0.09,169,12,75.8,75.8,74.3,58.0,10,14,528,6,48.8,9.3,92.7,3.3,16,13,0,17,25,17,3.2,3601,7.9,2024,127.2,241.1,0.49
Brock Purdy,77672,QB,SF,15,74.1,428,455,9.0,2.99,9,15,3.1,65.9,300,0,200,5.4,537,17,0.14,199,28,63.7,82.4,76.3,90.2,2,12,567,2,50.8,15.5,96.1,5.8,31,44,5,11,20,17,3.0,3864,8.5,2024,99.8,189.4,0.6
Kirk Cousins,7102,QB,ATL,14,76.7,412,453,8.0,2.54,15,13,2.7,66.9,303,0,156,4.1,485,13,0.0,163,2,46.5,74.3,72.3,65.8,7,16,521,2,48.5,17.3,88.6,5.6,27,3,4,15,18,24,4.6,3508,7.7,2024,302.8,110.5,0.38
Jalen Hurts,40291,QB,PHI,19,80.4,404,452,8.1,3.23,9,22,4.6,69.2,313,0,223,3.7,556,12,0.15,198,24,56.4,81.6,71.0,91.1,2,6,590,5,48.9,22.9,104.7,9.2,51,48,1,36,23,19,3.2,3629,8.0,2024,42.0,313.1,0.59
Tua Tagovailoa,60326,QB,MIA,11,79.8,382,399,6.1,2.3,6,11,2.6,72.9,291,1,100,4.6,435,14,0.14,166,17,39.5,70.2,70.2,51.3,0,7,460,3,52.2,21.0,101.4,4.8,21,7,2,9,19,12,2.6,2867,7.2,2024,146.0,175.7,0.4
Bryce Young,123943,QB,CAR,14,71.6,348,384,9.0,2.94,2,27,6.6,60.9,234,0,172,6.0,450,15,-0.1,132,5,62.6,74.4,75.1,59.5,2,9,477,9,41.3,16.9,82.2,6.4,29,37,0,32,15,12,2.5,2403,6.3,2024,146.8,235.0,0.43
Russell Wilson,7077,QB,PIT,12,78.6,318,365,8.4,2.84,10,24,6.3,64.1,234,1,160,6.4,426,16,0.01,131,25,57.0,79.5,77.5,68.7,3,5,444,3,43.7,23.1,97.7,8.7,37,22,2,32,18,7,1.6,2752,7.5,2024,211.0,52.8,0.37
Daniel Jones,39395,QB,MIN,10,77.7,309,341,7.5,2.71,5,7,1.9,63.3,216,0,145,10.0,389,24,-0.12,110,18,80.1,72.0,67.5,79.0,3,7,418,5,42.9,20.0,79.4,7.5,29,16,4,20,8,9,2.2,2070,6.1,2024,193.8,238.4,0.56
Drake Maye,143969,QB,NE,13,74.6,311,338,7.4,2.82,4,14,3.7,66.6,225,0,158,3.0,422,7,-0.03,132,19,48.6,70.1,64.9,82.9,5,10,461,2,47.2,21.5,88.1,8.1,34,45,1,17,15,16,3.5,2276,6.7,2024,112.2,360.8,0.6
Cooper Rush,12324,QB,DAL,11,70.5,285,308,7.5,2.35,13,8,2.4,60.7,187,0,75,7.0,326,14,-0.16,92,9,26.0,52.9,59.8,24.0,2,5,352,0,40.8,17.3,83.8,4.0,13,4,1,7,12,12,3.4,1844,6.0,2024,374.7,7.7,0.15
Jameis Winston,9434,QB,CLV,9,70.7,273,296,9.7,2.67,10,11,3.5,61.1,181,1,103,6.2,329,12,-0.1,108,8,83.5,73.4,69.5,84.3,4,12,347,5,45.3,23.3,80.6,7.3,24,8,1,8,13,18,5.2,2121,7.2,2024,321.5,37.0,0.53
Dak Prescott,10769,QB,DAL,8,72.4,268,286,8.3,2.63,6,14,4.5,64.7,185,0,98,4.6,317,9,-0.08,88,9,56.0,67.9,67.2,59.6,4,8,344,3,44.5,21.4,86.0,6.6,21,6,2,6,11,16,4.7,1978,6.9,2024,91.2,321.8,0.49
Trevor Lawrence,77632,QB,JAX,10,70.0,270,284,9.9,2.63,2,13,4.4,60.6,172,0,90,9.0,317,17,-0.04,103,15,70.7,76.8,73.8,75.6,1,7,332,1,44.2,20.0,85.2,5.7,18,13,1,10,11,13,3.9,2045,7.2,2024,127.6,354.2,0.55
Mac Jones,60323,QB,JAX,10,72.7,242,262,7.7,2.67,6,8,2.9,65.3,171,0,76,2.8,290,5,-0.03,82,15,81.5,65.0,62.1,75.4,2,8,309,3,44.1,18.4,79.2,4.8,14,14,0,12,7,10,3.2,1672,6.4,2024,390.0,138.0,0.44
Joe Flacco,4332,QB,IND,7,73.0,233,248,9.2,2.62,3,8,3.0,65.3,162,1,78,4.7,270,8,0.03,88,14,79.9,71.6,70.7,55.4,1,7,290,3,45.9,23.1,90.5,6.7,18,3,0,11,12,11,3.8,1761,7.1,2024,214.0,158.7,0.36
Aidan O'Connell,60516,QB,LV,9,71.3,223,243,8.3,2.74,4,12,4.6,63.4,154,0,83,3.1,256,5,0.03,80,23,66.8,61.2,58.2,74.6,4,4,276,2,46.9,12.0,86.7,3.9,10,3,1,11,8,10,3.6,1612,6.6,2024,448.0,4.8,0.2
Spencer Rattler,97408,QB,NO,7,69.0,203,228,8.2,2.78,5,6,2.4,57.0,130,0,98,7.1,264,10,-0.29,67,20,27.1,52.0,49.4,71.3,6,5,284,1,37.5,22.4,70.4,8.3,22,14,1,13,4,14,4.9,1317,5.8,2024,242.8,107.1,0.37
Mason Rudolph,46569,QB,TEN,8,77.0,204,228,7.6,2.7,2,6,2.4,64.0,146,0,89,7.0,256,11,-0.01,85,31,48.6,62.5,61.5,65.3,4,9,276,4,48.0,12.4,80.1,4.3,11,13,3,15,9,8,2.9,1530,6.7,2024,332.5,19.0,0.34
Drew Lock,39517,QB,NYG,7,71.2,163,181,7.3,2.81,7,6,3.1,59.1,107,0,78,7.8,204,9,-0.21,53,21,40.3,53.6,48.2,90.7,3,5,216,4,40.7,15.4,75.5,5.9,12,10,1,7,6,11,5.1,1071,5.9,2024,312.0,0.1,0.03
Justin Fields,82118,QB,PIT,8,78.2,147,162,7.8,3.08,2,6,3.4,65.4,106,0,79,7.8,197,9,0.02,51,25,63.2,71.0,65.7,76.8,4,1,215,4,43.1,20.3,92.8,8.1,16,18,1,8,5,6,2.8,1106,6.8,2024,105.2,139.7,0.54
Jacoby Brissett,10725,QB,NE,7,70.6,143,161,7.3,2.89,1,5,2.9,59.0,95,0,82,5.9,188,6,-0.23,45,19,37.3,59.1,58.5,56.7,5,1,200,2,39.4,22.0,74.2,9.6,18,9,1,11,2,6,3.0,826,5.1,2024,405.0,241.4,0.44
Andy Dalton,6187,QB,CAR,6,77.5,151,160,7.0,2.54,3,6,3.6,66.3,106,0,50,9.4,175,11,-0.23,52,5,58.2,68.1,67.4,58.0,0,6,185,0,40.6,14.0,82.0,4.0,7,6,0,6,7,8,4.3,989,6.2,2024,436.0,14.5,0.3
Michael Penix,82134,QB,ATL,5,70.4,98,105,10.6,2.66,1,10,9.0,58.1,61,0,33,11.6,114,8,0.1,36,2,34.9,87.9,87.6,51.3,3,3,120,0,47.4,12.1,78.9,3.5,4,4,0,3,3,2,1.7,775,7.4,2024,141.6,125.3,0.41
Tom Brady,698,QB,TB,20,74.0,712,748,9.8,2.41,7,56,7.1,64.4,482,1,185,8.5,780,45,0.21,287,30,90.8,93.3,92.3,67.5,4,15,829,5,49.5,14.6,101.4,3.5,27,4,4,21,50,16,1.9,5694,7.6,2020,88.4,392.7,0.52
Josh Allen,46601,QB,BUF,19,78.7,643,692,9.3,3.04,10,45,6.1,68.4,473,1,280,6.5,767,33,0.24,289,4,52.7,90.3,87.9,76.6,5,11,820,6,56.3,11.8,104.9,4.3,33,42,0,34,42,28,3.4,5361,7.7,2020,41.2,417.6,0.58
Ben Roethlisberger,1732,QB,PIT,16,75.4,646,676,7.6,2.19,18,29,4.0,66.0,446,0,145,8.4,694,41,0.08,223,25,82.7,69.0,68.3,50.5,6,14,745,2,47.1,9.0,93.2,1.9,13,3,0,6,37,21,2.8,4304,6.4,2020,160.7,234.1,0.36
Matt Ryan,4317,QB,ATL,16,76.5,574,626,9.3,2.75,11,31,4.7,65.0,407,0,233,7.3,683,32,0.12,249,2,76.4,83.1,82.1,53.3,6,11,721,2,47.9,17.6,93.3,6.0,41,16,1,34,26,21,2.9,4581,7.3,2020,123.2,240.9,0.39
Aaron Rodgers,2241,QB,GB,18,81.2,564,610,8.3,2.68,3,49,7.6,70.2,428,1,160,6.6,660,30,0.34,264,12,88.1,95.1,94.7,56.0,2,6,700,6,55.3,15.6,119.2,3.8,25,25,3,38,53,15,2.1,4941,8.1,2020,71.9,336.7,0.58
Jared Goff,10635,QB,LA,17,78.8,539,598,6.8,2.66,15,14,2.3,66.9,400,0,200,5.9,651,25,0.02,215,26,73.4,71.3,71.6,55.1,8,13,672,7,50.2,14.5,90.9,4.5,29,24,2,34,22,20,3.0,4281,7.2,2020,226.0,206.5,0.38
Justin Herbert,28237,QB,LAC,15,75.8,553,595,7.8,2.61,12,31,4.9,66.6,396,0,239,5.5,653,23,0.19,228,27,74.2,79.9,78.4,63.8,12,10,689,2,48.4,13.4,98.3,4.9,32,25,4,14,31,16,2.3,4336,7.3,2020,74.1,385.8,0.52
Russell Wilson,7077,QB,SEA,17,78.6,548,585,9.1,3.03,5,47,7.6,67.5,395,0,271,8.4,696,36,0.1,242,29,83.1,90.5,88.7,77.4,4,14,734,8,50.0,18.8,103.6,7.3,51,58,1,27,42,16,2.2,4386,7.5,2020,68.5,249.1,0.54
Kyler Murray,38334,QB,ARZ,16,76.5,507,558,8.3,2.82,11,27,4.6,67.2,375,0,172,3.4,638,13,0.09,226,1,83.1,82.8,77.2,86.5,1,12,674,7,49.5,15.7,94.3,4.2,27,51,8,31,26,17,2.5,3971,7.1,2020,48.9,309.8,0.57
Baker Mayfield,46518,QB,CLV,18,76.4,500,557,8.8,2.93,11,34,5.8,62.7,349,0,155,8.6,612,33,0.16,222,8,65.1,85.7,85.1,58.1,3,9,648,9,49.2,17.4,95.7,4.4,27,27,5,38,30,18,2.8,4030,7.2,2020,142.7,194.8,0.4
Matthew Stafford,4924,QB,DET,16,73.8,497,528,9.4,2.54,8,32,5.6,64.2,339,0,166,7.6,583,28,0.14,215,11,77.8,82.0,78.6,82.5,5,10,626,3,48.4,23.5,96.3,6.7,39,16,7,11,26,14,2.2,4084,7.7,2020,97.5,346.7,0.54
Derek Carr,8671,QB,LV,16,78.5,478,517,8.5,2.77,7,37,6.7,67.3,348,1,170,7.2,566,27,0.1,203,23,43.4,84.7,83.9,55.7,5,9,604,2,49.1,15.3,101.4,4.6,26,23,4,23,27,18,3.0,4103,7.9,2020,171.6,281.0,0.41
Kirk Cousins,7102,QB,MIN,16,78.6,467,516,8.7,2.75,9,24,4.3,67.6,349,0,221,4.9,572,18,0.18,222,18,61.2,83.4,80.6,79.2,8,13,613,6,52.8,17.6,105.0,6.8,39,17,3,29,35,17,2.8,4265,8.3,2020,133.7,311.3,0.51
Ryan Tannehill,7014,QB,TEN,17,76.3,464,507,8.7,2.64,10,20,3.7,65.7,333,0,171,5.9,556,21,0.24,222,31,68.8,90.6,86.0,90.9,10,8,586,2,52.5,14.6,105.3,4.5,25,23,0,23,34,23,3.9,3984,7.9,2020,98.6,288.4,0.48
Teddy Bridgewater,8667,QB,CAR,15,79.6,456,492,7.6,2.61,10,17,3.3,69.1,340,1,173,6.3,560,23,0.09,189,5,68.2,66.0,66.4,53.9,2,11,594,5,47.1,17.9,92.1,5.5,31,36,2,22,15,20,3.4,3733,7.6,2020,233.5,209.7,0.44
Daniel Jones,39395,QB,NYG,14,74.8,413,448,8.0,2.7,10,24,5.0,62.5,280,0,208,9.4,516,29,-0.06,168,21,34.1,78.4,74.4,78.8,8,10,552,5,43.6,21.6,80.4,8.7,45,22,2,15,11,17,3.1,2943,6.6,2020,179.2,171.9,0.42
Drew Lock,39517,QB,DEN,13,68.7,406,443,9.7,2.79,8,30,6.4,57.3,254,0,160,9.0,484,25,-0.09,151,10,29.8,63.5,63.4,53.6,11,15,510,4,41.3,11.9,75.4,3.9,19,22,2,16,16,23,4.5,2933,6.6,2020,282.0,54.8,0.43
Carson Wentz,10636,QB,PHI,12,70.1,401,437,9.4,2.88,6,20,4.3,57.4,251,0,190,10.7,509,30,-0.16,138,24,40.4,65.0,60.0,82.6,6,15,544,2,40.9,26.3,72.8,9.8,50,21,1,23,16,24,4.4,2620,6.0,2020,163.5,271.0,0.47
Lamar Jackson,46416,QB,BLT,17,74.9,398,424,9.2,3.12,9,24,5.4,64.4,273,0,194,8.4,519,25,0.13,176,3,46.5,79.3,74.9,77.8,3,11,541,3,47.6,19.1,95.8,7.1,37,55,4,10,26,20,3.7,3098,7.3,2020,53.8,255.0,0.54
Joe Burrow,28022,QB,CIN,10,73.5,381,404,8.9,2.6,3,15,3.6,65.3,264,0,146,5.7,453,16,0.05,154,7,28.7,75.1,74.3,58.0,6,5,472,2,45.7,21.9,89.8,7.1,32,16,3,11,13,15,3.2,2688,6.7,2020,107.2,330.2,0.56
Cam Newton,6153,QB,NE,15,78.1,334,368,7.3,2.84,13,11,2.8,65.8,242,0,130,7.3,420,19,-0.03,141,19,76.0,70.9,67.8,66.2,6,10,444,1,46.0,23.8,82.9,7.4,31,20,2,13,8,10,2.3,2657,7.2,2020,259.0,91.4,0.65
Sam Darnold,29048,QB,NYJ,12,72.5,324,364,8.1,2.84,5,9,2.3,59.6,217,0,179,7.7,425,18,-0.18,117,22,77.9,58.4,52.7,87.7,9,11,449,1,40.9,19.6,72.7,8.2,35,26,3,23,9,17,3.8,2208,6.1,2020,182.4,175.6,0.38
Andy Dalton,6187,QB,DAL,11,76.2,311,333,7.5,2.48,5,11,3.1,64.9,216,0,111,8.9,376,21,-0.02,121,9,75.1,69.9,69.8,55.7,5,8,393,2,45.5,21.6,87.3,6.4,24,15,0,12,14,11,2.8,2170,6.5,2020,327.0,91.2,0.34
Tua Tagovailoa,60326,QB,MIA,10,74.2,275,290,8.0,2.52,2,7,2.3,64.1,186,0,95,8.8,326,18,-0.03,107,17,83.9,65.4,63.9,65.4,2,5,347,1,46.6,21.1,87.1,6.1,20,16,3,8,11,13,3.7,1814,6.3,2020,143.6,190.9,0.45
Dak Prescott,10769,QB,DAL,5,78.0,209,222,8.3,2.59,3,12,5.2,68.0,151,0,67,7.4,240,12,0.14,96,9,74.1,85.2,80.4,78.9,4,4,247,0,53.8,14.9,99.6,4.2,10,8,1,5,9,9,3.6,1856,8.4,2020,60.9,336.6,0.52
Mike Glennon,7854,QB,JAX,5,72.3,166,179,8.8,2.42,4,11,6.0,62.0,111,0,48,7.5,192,9,-0.17,57,15,71.6,67.5,69.4,36.3,2,5,198,2,42.7,18.8,80.1,4.7,9,4,2,5,7,10,5.1,1072,6.0,2020,395.0,46.9,0.26
Jalen Hurts,40291,QB,PHI,10,65.1,126,148,10.1,3.37,3,7,4.4,52.0,77,0,70,6.1,185,5,0.06,56,24,23.3,56.2,57.5,55.4,5,4,197,4,41.6,17.1,77.6,6.5,12,25,1,13,6,9,4.6,1061,7.2,2020,97.3,319.2,0.63
Jimmy Garoppolo,8697,QB,SF,6,74.6,138,140,6.5,2.52,1,4,2.8,67.1,94,0,38,8.7,155,9,0.17,56,28,88.6,67.5,65.4,66.3,0,5,159,0,50.3,28.9,92.4,7.1,11,4,0,1,7,4,2.5,1096,7.8,2020,250.0,243.5,0.51
Tom Brady,698,QB,TB,19,76.4,766,810,8.2,2.33,10,44,5.2,67.2,544,0,175,7.0,849,41,0.14,303,30,90.5,91.7,90.5,77.5,5,13,881,2,50.6,16.6,100.7,3.4,29,10,2,27,46,16,1.8,5916,7.3,2021,78.0,285.0,0.37
Matthew Stafford,4924,QB,LA,21,76.6,709,741,8.9,2.66,8,47,6.0,67.7,502,0,208,7.6,793,41,0.24,296,26,85.9,86.1,84.6,73.9,7,20,831,10,52.8,17.8,103.9,4.7,37,15,1,16,50,29,3.5,6074,8.2,2021,96.8,122.4,0.36
Josh Allen,46601,QB,BUF,19,74.8,651,708,9.1,2.89,17,44,5.9,64.5,457,0,264,6.2,793,30,0.19,287,4,64.9,90.9,81.9,93.6,4,15,843,4,51.3,10.6,97.9,3.5,28,55,0,36,45,27,3.2,5044,7.1,2021,26.0,415.5,0.63
Derek Carr,8671,QB,LV,18,77.0,631,680,8.4,2.73,10,41,5.7,67.2,457,0,252,6.0,744,29,0.05,236,23,57.7,77.6,77.5,54.6,6,15,789,5,47.7,17.1,92.0,5.8,43,19,4,29,24,24,3.0,5114,7.5,2021,99.8,233.1,0.43
Justin Herbert,28237,QB,LAC,17,77.1,624,672,7.9,2.72,17,27,3.8,65.9,443,0,199,7.9,740,38,0.18,273,27,92.6,90.0,85.8,79.1,6,15,793,2,50.9,15.6,97.7,4.2,31,36,1,24,38,13,1.6,5014,7.5,2021,37.8,294.0,0.38
Joe Burrow,28022,QB,CIN,20,79.8,619,662,8.2,2.62,14,39,5.6,69.9,463,1,260,6.3,759,31,0.12,266,7,78.3,91.8,91.1,67.3,3,16,799,4,47.0,26.9,105.9,9.2,70,26,3,23,39,17,2.1,5716,8.6,2021,62.8,362.7,0.54
Dak Prescott,10769,QB,DAL,17,76.5,604,639,8.3,2.7,12,34,4.9,67.8,433,0,222,6.3,703,29,0.14,244,9,37.0,82.4,83.5,41.6,7,11,760,3,50.9,15.8,101.9,5.0,35,24,1,15,38,24,3.2,4703,7.4,2021,81.8,215.6,0.5
Trevor Lawrence,77632,QB,JAX,17,72.4,547,602,8.2,2.84,9,22,3.4,59.6,359,0,220,9.3,668,37,-0.07,187,15,61.7,59.6,58.3,63.6,13,17,709,2,44.8,14.5,71.9,4.8,32,33,3,30,12,26,3.7,3641,6.0,2021,125.8,315.6,0.5
Kirk Cousins,7102,QB,MIN,16,77.6,508,561,8.5,2.59,9,30,5.0,66.3,372,0,206,5.6,611,22,0.12,195,18,42.4,88.2,86.8,60.0,18,7,647,4,46.3,13.6,103.1,4.6,28,15,5,21,33,18,2.8,4221,7.5,2021,104.8,305.6,0.44
Aaron Rodgers,2241,QB,GB,17,77.7,520,560,8.1,2.6,6,36,6.1,68.9,386,0,162,4.5,612,18,0.2,227,12,88.5,89.4,87.0,67.9,4,4,645,3,50.2,21.6,110.9,5.7,35,17,4,26,37,13,2.0,4340,7.8,2021,99.8,255.2,0.43
Matt Ryan,4317,QB,ATL,17,75.9,523,560,7.8,2.69,13,26,4.4,67.0,375,0,245,5.5,617,22,-0.04,199,2,35.0,74.7,75.9,41.0,6,12,653,5,47.2,16.3,90.4,6.5,40,17,1,17,20,19,2.9,3968,7.1,2021,139.3,178.3,0.35
Mac Jones,60323,QB,NE,18,75.0,525,559,8.3,2.62,10,26,4.4,67.3,376,0,170,4.6,609,18,0.05,199,19,77.6,80.2,78.5,73.2,2,15,644,7,48.1,18.2,91.3,5.1,31,17,2,20,24,16,2.5,4033,7.2,2021,166.3,181.1,0.37
Carson Wentz,10636,QB,IND,17,72.3,477,516,8.4,2.78,7,22,4.0,62.4,322,0,211,6.7,575,23,0.04,173,14,46.4,70.9,67.9,73.6,13,7,622,4,45.4,15.2,94.6,5.6,32,27,0,19,27,18,2.9,3563,6.9,2021,187.8,119.8,0.38
Jimmy Garoppolo,8697,QB,SF,18,77.3,480,515,7.6,2.56,11,12,2.2,66.8,344,0,167,7.3,556,27,0.15,204,28,57.7,71.2,70.2,62.9,5,15,584,6,48.4,19.8,95.0,5.9,33,8,4,15,22,30,5.1,4345,8.4,2021,268.7,172.8,0.53
Kyler Murray,38334,QB,ARZ,15,76.2,478,515,8.2,2.78,9,43,7.9,68.3,352,0,187,3.3,582,12,0.1,191,1,49.0,82.9,86.7,49.2,1,12,617,4,49.1,17.6,96.6,5.7,33,31,0,27,24,14,2.3,3924,7.6,2021,57.5,203.3,0.46
Jared Goff,10635,QB,DET,14,77.0,456,494,6.8,2.66,5,12,2.3,67.2,332,1,177,5.4,541,19,-0.07,165,11,39.5,60.3,61.7,39.6,3,8,574,9,46.4,19.8,91.5,6.5,35,12,5,25,19,18,3.1,3245,6.6,2021,159.3,293.8,0.47
Jalen Hurts,40291,QB,PHI,16,72.4,428,475,9.5,3.18,12,25,5.0,60.6,288,0,206,7.1,556,22,0.06,179,24,72.2,77.1,69.2,86.9,9,11,591,3,44.4,13.1,84.7,4.9,27,51,2,24,17,23,3.9,3402,7.2,2021,53.0,383.8,0.71
Teddy Bridgewater,8667,QB,DEN,14,76.8,392,426,8.4,2.83,9,13,2.9,66.9,285,0,179,5.3,472,16,0.1,153,10,89.5,73.5,70.7,75.7,3,7,495,4,46.6,17.3,94.9,6.6,31,15,0,22,18,15,3.0,3052,7.2,2021,362.0,42.0,0.47
Baker Mayfield,46518,QB,CLV,14,72.2,385,418,9.2,2.84,12,20,4.5,60.5,253,0,148,9.0,486,25,-0.09,151,8,61.4,63.6,62.4,60.1,2,13,516,3,44.2,29.1,83.1,8.8,43,25,2,17,17,20,3.9,3010,7.2,2021,173.5,133.4,0.34
Sam Darnold,29048,QB,CAR,12,73.4,365,406,7.6,2.86,6,15,3.5,59.9,243,0,177,9.3,463,25,-0.16,132,5,33.2,54.7,53.9,63.6,7,13,486,6,42.5,19.2,71.9,7.3,34,23,0,28,9,21,4.3,2527,6.2,2021,387.5,93.3,0.58
Russell Wilson,7077,QB,SEA,14,72.7,374,400,10.2,2.78,5,26,6.1,64.8,259,0,170,4.8,460,13,0.04,146,29,70.8,74.0,70.7,77.0,2,6,486,2,43.7,20.0,103.1,7.4,34,24,0,19,25,12,2.5,3113,7.8,2021,74.8,240.2,0.42
Davis Mills,52269,QB,HST,13,74.6,366,394,7.8,2.57,9,16,3.8,66.8,263,0,133,3.7,435,10,-0.13,120,13,48.0,58.0,58.5,48.4,5,10,469,3,41.8,23.3,88.8,7.1,31,10,2,12,16,20,4.3,2664,6.8,2021,180.3,200.5,0.38
Tua Tagovailoa,60326,QB,MIA,13,75.3,372,388,7.4,2.53,1,10,2.4,67.8,263,0,139,6.1,428,17,0.07,145,17,30.0,68.4,67.3,60.2,5,10,460,3,49.1,14.4,90.1,4.7,20,20,1,9,16,22,4.8,2653,6.8,2021,121.3,240.9,0.56
Zach Wilson,82096,QB,NYJ,13,69.9,349,383,8.0,3.05,9,10,2.5,55.6,213,0,171,12.7,444,31,-0.21,118,22,69.3,59.3,54.8,86.8,3,11,469,1,37.4,26.3,69.7,10.1,45,16,1,21,9,18,3.8,2334,6.1,2021,193.8,100.7,0.36
Lamar Jackson,46416,QB,BLT,12,74.3,350,382,10.0,3.06,10,19,4.7,64.4,246,0,174,5.4,470,14,0.04,154,3,48.6,70.2,65.9,75.8,8,13,495,5,46.6,21.8,87.0,8.1,38,50,4,10,16,18,3.6,2882,7.5,2021,44.8,245.2,0.65
Daniel Jones,39395,QB,NYG,11,74.5,337,361,7.3,2.7,5,7,1.8,64.3,232,0,140,7.6,407,19,-0.03,123,21,51.1,71.1,70.6,57.4,3,7,439,3,42.0,15.7,84.8,5.4,22,23,1,15,10,12,2.7,2428,6.7,2021,153.5,295.5,0.52
Justin Fields,82118,QB,CHI,12,66.9,257,270,10.1,3.06,2,18,6.1,58.9,159,0,151,7.6,353,13,-0.18,101,6,27.0,64.2,60.8,72.3,2,10,378,4,42.5,23.8,73.2,10.2,36,45,2,7,7,14,3.7,1870,6.9,2021,117.8,309.0,0.7
Andy Dalton,6187,QB,CHI,8,72.4,217,236,7.6,2.61,6,5,2.0,63.1,149,0,77,5.1,267,8,-0.08,85,6,90.6,67.1,63.5,78.1,2,9,279,1,44.2,23.4,76.9,6.7,18,12,1,10,8,9,3.2,1515,6.4,2021,377.0,183.3,0.44
Jacoby Brissett,10725,QB,MIA,9,75.4,207,225,7.9,2.83,0,9,3.7,62.7,141,0,116,9.6,259,15,-0.1,75,17,50.4,75.4,73.1,69.3,8,4,277,2,44.0,16.4,78.1,7.3,19,13,1,9,5,10,3.6,1283,5.7,2021,258.7,182.6,0.44
Tyler Huntley,46448,QB,BLT,6,75.7,173,188,8.1,2.83,6,3,1.5,64.9,122,0,74,6.9,231,9,-0.1,68,3,49.0,68.3,62.0,82.3,2,4,245,4,43.3,24.3,76.6,7.8,18,25,3,4,3,8,3.3,1081,5.8,2021,298.0,50.6,0.38
Jameis Winston,9434,QB,NO,7,72.5,142,161,9.5,3.09,5,12,7.1,59.0,95,0,80,7.8,191,8,0.14,67,20,56.9,73.0,65.1,90.0,5,3,199,4,48.7,13.8,102.8,5.8,11,17,0,9,14,6,3.0,1170,7.3,2021,135.8,46.9,0.36
Tyrod Taylor,6332,QB,HST,6,69.6,138,150,7.6,2.82,4,4,2.5,60.7,91,0,77,5.2,178,5,-0.11,51,13,70.7,59.2,55.2,73.1,2,5,188,0,43.3,16.9,76.7,7.3,13,15,1,5,5,5,2.7,966,6.4,2021,361.0,12.3,0.82
Colt McCoy,5609,QB,ARZ,4,84.2,95,99,5.3,2.31,2,1,1.0,74.7,74,0,30,7.5,109,6,0.2,40,1,27.5,55.8,56.8,52.5,0,1,115,0,51.4,20.0,101.4,5.5,6,3,0,2,3,6,5.2,740,7.5,2021,408.0,35.8,0.23
Geno Smith,7820,QB,SEA,4,80.5,82,95,7.5,2.9,3,7,6.9,68.4,65,0,44,1.5,112,1,-0.05,32,29,60.5,73.9,71.4,78.4,2,1,118,2,43.8,29.5,103.0,11.6,13,4,1,7,5,3,2.5,702,7.4,2021,256.0,322.9,0.5
Jared Goff,10635,QB,DET,20,77.9,662,716,7.3,2.58,10,25,3.3,67.6,484,0,266,6.2,761,32,0.13,278,11,60.3,85.6,85.2,50.5,8,12,794,10,50.1,13.9,98.7,4.9,37,8,4,32,34,19,2.4,5411,7.6,2023,107.3,326.8,0.56
Dak Prescott,10769,QB,DAL,18,77.0,625,650,8.5,2.72,11,41,5.9,69.4,451,0,229,6.2,731,30,0.19,263,9,84.3,90.0,86.9,78.6,6,11,784,5,51.0,18.3,104.4,5.7,42,34,0,8,39,17,2.2,4919,7.6,2023,83.8,126.5,0.4
Josh Allen,46601,QB,BUF,19,77.1,603,648,8.6,2.87,6,42,6.2,66.7,432,0,259,7.1,732,33,0.19,249,4,59.8,92.1,88.2,91.6,5,18,775,9,52.3,10.0,93.2,3.6,26,58,2,32,33,23,3.0,4696,7.2,2023,29.3,380.3,0.7
Baker Mayfield,46518,QB,TB,19,73.9,597,643,9.0,2.74,17,30,4.4,64.1,412,1,248,6.6,728,29,0.08,231,30,77.8,77.2,74.8,69.5,10,12,777,3,45.6,19.4,96.0,6.6,48,32,0,19,34,26,3.3,4731,7.4,2023,149.3,383.8,0.58
Jordan Love,40306,QB,GB,19,72.7,597,634,8.9,2.73,8,37,5.5,64.5,409,0,212,5.8,689,25,0.14,237,12,57.7,83.6,83.2,59.5,7,13,725,11,47.2,13.7,97.1,4.2,29,23,2,20,37,18,2.5,4624,7.3,2023,80.0,238.9,0.52
Sam Howell,97599,QB,WAS,17,75.0,555,612,7.7,2.84,17,30,4.7,63.4,388,0,277,6.7,712,28,-0.15,193,32,81.3,60.2,57.6,71.5,6,21,750,3,43.4,23.5,78.9,9.1,65,33,0,34,21,31,4.1,3945,6.4,2023,295.5,0.2,0.01
Tua Tagovailoa,60326,QB,MIA,18,76.1,568,600,8.1,2.33,10,36,5.8,68.2,409,0,163,5.3,655,23,0.12,237,17,56.6,86.9,88.6,29.9,3,15,683,6,49.6,19.0,98.6,4.7,31,19,2,17,30,23,3.4,4819,8.0,2023,107.3,188.6,0.43
Jalen Hurts,40291,QB,PHI,18,75.8,521,573,8.9,3.11,8,29,4.8,65.8,377,0,270,4.6,661,18,0.04,211,24,66.5,86.5,83.9,76.7,6,15,693,7,45.2,14.4,89.8,5.9,39,47,0,38,24,16,2.3,4108,7.2,2023,36.3,330.1,0.75
Trevor Lawrence,77632,QB,JAX,16,74.7,530,564,8.6,2.54,14,35,5.8,65.6,370,0,190,6.6,645,26,-0.04,194,15,36.5,79.7,78.6,69.9,7,14,681,8,47.4,18.4,88.5,5.4,35,41,0,13,21,26,3.8,4016,7.1,2023,111.0,148.7,0.47
Matthew Stafford,4924,QB,LA,16,74.3,513,557,8.2,2.59,8,37,6.3,63.0,351,0,203,7.9,605,30,0.1,204,26,92.1,88.2,86.0,61.3,4,11,643,7,47.6,15.8,94.3,5.3,32,14,3,29,26,12,1.9,4332,7.8,2023,135.3,226.6,0.41
CJ Stroud,129759,QB,HST,17,74.2,512,553,9.3,2.93,9,26,4.4,64.0,354,0,219,6.8,618,26,0.1,215,13,52.1,83.2,80.4,73.4,3,5,653,4,47.2,17.4,101.7,6.1,38,25,6,23,26,18,2.8,4557,8.2,2023,62.8,240.4,0.39
Brock Purdy,77672,QB,SF,19,76.6,509,552,8.6,2.73,13,32,5.5,67.8,374,0,245,4.1,618,16,0.3,240,28,70.5,87.4,81.5,92.0,4,12,647,5,54.5,13.1,108.2,5.2,32,24,4,22,34,21,3.2,5054,9.2,2023,101.0,284.9,0.53
Derek Carr,8671,QB,NO,17,76.8,514,548,8.2,2.57,3,18,3.2,68.4,375,0,181,5.1,588,20,0.06,187,20,61.9,77.4,77.0,46.6,6,8,609,4,44.9,17.1,97.7,5.3,31,9,0,25,25,13,2.1,3878,7.1,2023,179.3,153.9,0.51
Bryce Young,123943,QB,CAR,16,71.9,463,527,7.8,2.9,7,18,3.2,59.8,315,1,253,5.4,622,18,-0.27,150,5,27.7,56.4,53.0,78.1,5,10,663,6,38.3,24.5,73.7,10.0,62,31,1,51,11,22,3.3,2877,5.5,2023,178.5,208.0,0.46
Lamar Jackson,46416,QB,BLT,18,77.0,478,516,9.1,3.21,11,26,4.7,66.5,343,2,230,6.8,633,25,0.04,214,3,43.3,90.4,83.0,90.8,8,8,675,10,49.1,19.1,101.6,7.0,44,72,1,18,27,19,2.8,4102,7.9,2023,44.3,442.4,0.82
Geno Smith,7820,QB,SEA,15,77.4,446,499,8.2,2.73,13,32,6.0,64.7,323,0,223,6.4,553,22,0.05,177,29,68.8,82.9,82.1,62.8,8,9,591,6,48.6,13.9,92.1,5.6,31,20,4,28,20,20,3.4,3624,7.3,2023,155.3,281.0,0.43
Justin Herbert,28237,QB,LAC,13,74.7,427,456,8.2,2.79,7,24,5.0,65.1,297,1,186,6.9,520,22,0.05,163,27,66.7,85.5,83.1,73.2,8,7,552,5,47.7,15.6,93.2,5.6,29,32,0,14,20,13,2.4,3134,6.9,2023,126.5,286.4,0.49
Russell Wilson,7077,QB,DEN,15,78.8,400,447,7.8,3.07,11,27,5.6,66.4,297,0,218,5.7,530,18,-0.09,150,10,28.9,77.5,72.5,80.3,5,8,568,2,44.5,20.6,98.0,8.5,45,36,4,27,26,17,3.0,3075,6.9,2023,207.0,185.8,0.48
Joshua Dobbs,11890,QB,MIN,13,72.1,390,417,8.0,3.03,6,12,2.7,62.8,262,0,185,6.8,485,19,-0.11,143,18,49.8,65.9,59.9,82.2,6,10,524,5,42.1,16.2,79.5,6.2,30,35,0,15,13,23,4.4,2464,5.9,2023,332.5,34.8,0.67
Desmond Ridder,55086,QB,ATL,15,72.7,363,388,8.5,2.68,8,13,3.2,64.2,249,0,139,5.7,439,15,-0.06,146,2,27.6,51.9,53.2,48.8,0,12,464,5,45.6,22.3,83.4,7.1,31,19,2,15,12,26,5.6,2836,7.3,2023,418.0,27.9,0.27
Justin Fields,82118,QB,CHI,13,74.4,324,370,8.8,3.39,10,21,5.5,61.4,227,0,223,5.8,457,14,-0.08,141,6,33.8,74.6,67.2,84.9,7,9,478,5,41.1,19.3,86.3,9.4,43,43,0,29,16,16,3.3,2562,6.9,2023,199.0,122.1,0.62
Joe Burrow,28022,QB,CIN,10,76.8,340,365,6.9,2.47,6,17,4.4,66.8,244,0,123,6.5,403,17,-0.04,122,7,87.0,77.9,76.8,68.8,6,6,422,5,46.9,19.5,91.0,6.0,24,14,1,12,15,9,2.1,2309,6.3,2023,76.3,391.8,0.54
Aidan O'Connell,60516,QB,LV,11,74.0,315,343,8.0,2.62,8,12,3.4,62.1,213,0,122,8.6,370,20,-0.08,107,23,72.1,65.9,64.6,61.6,3,7,380,2,44.1,19.7,83.9,6.5,24,0,1,16,12,10,2.6,2218,6.5,2023,289.7,101.5,0.4
Kirk Cousins,7102,QB,MIN,8,80.5,293,311,7.7,2.69,1,10,3.0,69.5,216,0,108,8.5,331,20,0.1,112,18,46.2,86.1,85.1,64.8,7,5,353,6,45.9,15.7,103.8,5.1,17,3,2,8,18,8,2.3,2331,7.5,2023,125.8,196.1,0.4
Kyler Murray,38334,QB,ARZ,8,73.5,253,268,7.5,2.8,9,8,2.8,65.7,176,1,95,5.4,304,10,-0.02,96,1,59.7,70.8,67.6,77.8,2,5,326,5,44.4,18.9,89.4,5.9,18,16,1,3,10,6,1.8,1799,6.7,2023,65.8,314.2,0.51
Will Levis,83542,QB,TEN,9,69.1,236,255,11.1,2.76,6,16,5.9,58.4,149,0,130,8.6,292,14,-0.11,85,31,68.9,63.7,61.6,67.4,6,4,310,1,39.4,21.5,84.2,9.6,28,9,2,5,8,14,4.5,1808,7.1,2023,158.3,141.9,0.39
Joe Flacco,4332,QB,CLV,6,72.5,233,250,9.1,2.78,1,11,4.2,62.8,157,0,88,7.1,265,12,-0.09,75,8,65.4,72.8,70.6,69.1,2,10,277,1,44.9,13.6,88.5,4.5,12,2,0,14,14,11,4.0,1923,7.7,2023,263.0,114.0,0.42
Jake Browning,46401,QB,CIN,9,79.6,226,243,6.6,2.84,7,9,3.5,70.4,171,0,102,5.0,283,9,0.07,100,7,54.6,79.3,74.4,87.8,3,7,298,8,47.3,23.5,98.4,8.5,24,16,0,7,12,11,3.7,1936,8.0,2023,349.5,-0.2,
Tyrod Taylor,6332,QB,NYG,10,76.7,163,180,9.1,2.83,1,17,8.9,64.4,116,0,87,7.2,224,9,0.01,57,21,44.1,71.4,73.4,54.5,0,3,242,0,43.3,19.5,89.1,7.6,17,26,6,10,5,3,1.2,1341,7.5,2023,368.5,18.1,0.75
Tommy DeVito,60545,QB,NYG,9,78.3,161,178,6.6,3.09,4,4,2.2,64.0,114,0,99,9.5,237,12,-0.24,48,21,77.3,62.0,64.4,50.9,1,3,243,3,36.3,37.4,89.2,15.6,37,22,0,12,8,5,2.1,1101,6.2,2023,357.0,13.5,0.25
Deshaun Watson,11767,QB,CLV,6,72.6,157,171,9.2,3.13,2,6,3.3,61.4,105,0,77,7.9,205,9,-0.09,58,8,38.5,67.3,66.8,63.4,3,4,218,3,43.4,20.8,84.3,7.8,16,18,1,8,7,4,1.8,1115,6.5,2023,151.0,83.7,0.31
Jimmy Garoppolo,8697,QB,LV,7,74.2,159,169,8.8,2.84,5,2,1.1,65.1,110,0,58,6.8,191,8,-0.07,63,23,74.1,65.0,65.0,58.8,1,9,203,1,48.2,24.1,77.7,7.3,14,8,1,3,7,6,3.0,1205,7.1,2023,328.0,20.9,0.46
Daniel Jones,39395,QB,NYG,6,75.2,149,160,6.9,2.85,3,4,2.4,67.5,108,0,95,3.6,209,4,-0.26,51,21,45.3,63.0,54.4,82.2,2,6,220,0,41.6,31.6,70.5,14.4,30,19,0,6,2,9,4.1,909,5.7,2023,185.8,146.3,0.38
Nick Mullens,12282,QB,MIN,5,74.5,137,148,10.5,2.92,2,8,5.2,67.6,100,0,67,2.0,165,2,0.11,59,18,49.7,57.7,59.5,59.9,4,8,172,5,47.3,17.9,88.4,7.3,12,5,1,4,7,12,7.0,1306,8.8,2023,367.0,1.3,0.65
Tyson Bagent,169628,QB,CHI,5,76.3,131,143,6.5,2.91,3,2,1.3,65.7,94,0,53,6.0,159,6,-0.12,55,6,50.5,57.8,50.8,82.2,3,6,166,0,50.9,9.4,71.4,3.1,5,11,0,6,3,11,6.6,859,6.0,2023,394.0,-0.3,-0.15
Mason Rudolph,46569,QB,PIT,5,77.2,101,113,7.5,2.55,3,5,4.3,68.1,77,0,50,1.3,125,1,0.02,43,25,40.2,64.8,64.8,58.2,2,1,130,1,46.4,14.0,104.9,5.6,7,4,1,6,5,4,3.1,948,8.4,2023,311.0,104.8,0.41
Dorian Thompson-Robinson,83574,QB,CLV,6,68.0,100,112,6.1,2.67,3,0,0.0,53.6,60,0,39,11.8,123,8,-0.35,27,8,36.0,49.7,49.4,56.6,2,4,132,1,35.0,15.4,51.2,4.9,6,5,2,5,1,5,3.8,440,3.9,2023,404.0,23.8,0.18
Drew Lock,39517,QB,SEA,4,75.0,72,76,8.5,2.56,3,2,2.5,63.2,48,0,31,11.1,85,6,-0.08,20,29,52.5,61.3,62.2,56.4,0,3,91,3,37.6,19.4,81.2,7.1,6,3,0,1,3,5,5.5,543,7.1,2023,360.5,87.1,0.43
Justin Herbert,28237,QB,LAC,18,78.8,673,743,6.9,2.74,23,24,3.1,67.7,503,1,288,5.1,812,27,0.04,248,27,74.0,77.9,76.7,60.2,16,10,840,2,45.6,14.2,92.7,5.0,41,24,2,29,26,14,1.7,5016,6.8,2022,41.3,239.2,0.46
Joe Burrow,28022,QB,CIN,19,77.3,660,715,7.6,2.5,21,37,4.9,68.0,486,0,223,4.7,803,24,0.11,269,7,75.8,92.0,91.0,78.0,7,14,858,7,50.9,22.9,99.0,6.4,51,35,2,25,39,18,2.1,5196,7.3,2022,37.3,155.2,0.39
Kirk Cousins,7102,QB,MIN,18,76.7,621,682,7.9,2.69,12,31,4.3,66.7,455,0,269,4.4,740,21,0.02,252,18,71.1,79.2,77.7,72.8,12,14,784,8,47.4,17.1,93.7,6.2,46,12,3,34,31,23,2.9,4820,7.1,2022,98.3,162.7,0.49
Trevor Lawrence,77632,QB,JAX,19,76.3,624,670,7.9,2.5,17,35,5.0,65.5,439,0,210,7.8,733,37,0.1,246,15,46.0,78.6,74.1,83.4,3,13,772,6,49.1,14.8,92.2,4.2,31,27,3,23,30,23,3.0,4618,6.9,2022,55.7,288.5,0.45
Josh Allen,46601,QB,BUF,18,74.2,596,648,10.2,2.91,17,52,7.6,62.8,407,0,266,7.9,754,35,0.17,277,4,43.5,91.8,85.8,92.8,4,17,794,2,52.0,15.4,94.5,5.4,41,63,1,30,38,32,4.0,4899,7.6,2022,17.3,412.3,0.63
Geno Smith,7820,QB,SEA,18,77.7,565,607,8.3,2.79,8,35,5.4,69.9,424,0,232,3.4,693,15,0.04,236,29,76.4,79.3,75.4,83.8,6,12,738,8,49.6,21.1,100.8,7.1,49,36,1,27,32,31,4.2,4535,7.5,2022,107.3,237.5,0.43
Jared Goff,10635,QB,DET,17,77.8,531,587,7.6,2.69,15,18,2.9,65.1,382,0,187,7.5,626,31,0.13,230,11,64.3,72.4,71.6,53.0,8,7,663,1,48.4,12.3,99.3,3.7,23,15,1,32,29,24,3.6,4438,7.6,2022,99.5,305.1,0.48
Jalen Hurts,40291,QB,PHI,18,77.4,500,547,8.7,2.86,13,26,4.5,66.5,364,0,189,5.9,637,23,0.13,210,24,66.7,88.2,83.8,83.8,2,6,673,6,46.5,21.2,100.8,6.3,40,48,0,32,25,12,1.8,4280,7.8,2022,18.0,381.5,0.61
Aaron Rodgers,2241,QB,GB,17,75.8,501,542,8.5,2.67,7,33,5.7,64.6,350,0,157,7.9,588,30,-0.03,183,12,85.6,77.8,75.9,66.5,3,12,624,7,45.1,20.4,91.1,5.4,32,13,2,29,26,18,2.9,3695,6.8,2022,109.3,0.0,0.0
Daniel Jones,39395,QB,NYG,18,80.1,482,534,6.5,3.01,11,8,1.4,66.7,356,0,273,7.8,650,30,0.03,214,21,50.8,75.6,69.5,84.4,6,6,693,8,47.1,18.7,92.0,7.8,51,65,5,30,17,21,3.0,3642,6.8,2022,100.3,65.0,0.31
Derek Carr,8671,QB,LV,15,70.8,455,502,9.7,2.84,8,21,4.0,60.8,305,0,196,5.3,544,17,0.01,167,23,67.1,66.8,65.4,68.1,10,14,575,6,44.1,13.8,86.3,5.0,27,14,0,29,24,18,3.1,3522,7.0,2022,137.0,251.1,0.43
Russell Wilson,7077,QB,DEN,15,74.1,432,484,9.5,2.94,18,23,4.4,60.5,293,0,204,8.4,569,27,-0.07,153,10,85.5,66.2,64.5,67.2,3,11,613,4,38.0,27.0,84.5,9.7,55,28,1,30,16,16,2.6,3538,7.3,2022,131.5,271.1,0.51
Davis Mills,52269,QB,HST,15,69.9,439,479,8.4,2.66,11,21,4.1,61.0,292,0,213,4.9,529,15,-0.12,142,13,60.6,61.9,63.6,43.2,11,15,562,4,38.0,14.6,78.8,5.9,31,17,1,17,17,15,2.7,3118,6.5,2022,352.0,15.8,0.38
Dak Prescott,10769,QB,DAL,14,75.1,442,464,8.6,2.71,4,19,3.9,66.6,309,0,158,6.9,507,23,0.1,173,9,83.2,71.8,68.2,74.4,6,17,531,5,49.7,13.9,92.7,4.3,22,21,0,12,28,20,3.8,3371,7.3,2022,73.5,351.8,0.53
Mac Jones,60323,QB,NE,14,74.3,412,442,8.2,2.69,7,22,4.7,65.2,288,0,145,5.9,496,18,-0.1,134,19,90.1,67.7,68.9,56.2,1,11,523,8,40.3,23.4,84.8,6.9,34,20,2,20,14,14,2.7,2997,6.8,2022,204.0,122.4,0.32
Tua Tagovailoa,60326,QB,MIA,13,74.2,376,400,10.1,2.52,5,18,4.3,64.8,259,1,111,7.2,432,20,0.22,165,17,45.9,81.9,81.4,52.0,2,8,455,4,49.5,18.9,105.5,4.9,21,10,1,16,25,19,4.2,3548,8.9,2022,77.0,294.2,0.48
Kyler Murray,38334,QB,ARZ,11,77.0,357,390,7.2,2.61,9,9,2.2,66.4,259,0,120,5.8,443,16,-0.01,128,1,47.9,67.2,63.4,72.2,2,7,473,1,44.0,20.8,87.2,5.6,25,25,3,19,14,18,3.8,2363,6.1,2022,179.5,149.4,0.49
Kenny Pickett,60515,QB,PIT,13,73.3,360,389,8.0,2.99,8,18,4.3,63.0,245,1,140,7.2,444,19,-0.03,133,25,80.5,75.5,73.0,77.5,2,9,477,5,45.7,19.3,76.7,6.1,27,28,1,18,7,11,2.3,2404,6.2,2022,129.7,114.2,0.31
Jacoby Brissett,10725,QB,CLV,12,74.6,339,369,9.5,2.9,5,18,4.5,64.0,236,1,137,6.7,416,17,0.03,140,8,59.6,82.6,75.2,91.5,4,6,448,4,46.6,17.5,88.9,5.8,24,23,3,18,12,14,3.1,2608,7.1,2022,349.5,22.9,0.92
Baker Mayfield,46518,QB,LA,12,69.2,305,335,7.1,2.86,12,8,2.2,60.0,201,0,117,4.7,389,10,-0.16,98,26,54.5,50.6,52.2,44.0,2,8,411,2,36.5,30.8,79.0,9.3,36,15,1,15,10,12,2.9,2163,6.5,2022,174.0,286.1,0.45
Lamar Jackson,46416,QB,BLT,12,74.6,299,326,9.2,3.11,8,17,5.0,62.3,203,1,129,9.0,378,20,0.04,116,3,56.6,85.2,72.3,92.6,3,7,399,7,45.5,20.9,91.1,7.1,27,25,1,15,17,9,2.3,2242,6.9,2022,24.8,348.2,0.62
Ryan Tannehill,7014,QB,TEN,12,75.9,303,325,8.2,2.67,7,11,3.2,65.2,212,0,135,7.8,374,18,0.05,124,31,76.1,74.9,71.9,77.2,6,6,397,3,45.7,24.4,94.6,8.8,33,13,1,8,13,10,2.5,2536,7.8,2022,187.7,87.0,0.32
Justin Fields,82118,QB,CHI,15,71.7,286,318,9.5,3.45,11,13,3.8,60.4,192,3,203,6.3,444,13,-0.08,127,6,28.8,70.2,54.4,91.5,5,11,474,7,41.9,27.1,85.2,12.4,55,70,0,16,17,21,4.4,2242,7.1,2022,44.0,246.8,0.54
Jimmy Garoppolo,8697,QB,SF,11,75.4,289,308,7.3,2.53,12,13,4.0,67.2,207,0,96,5.0,329,11,0.21,114,28,64.7,71.4,69.5,67.4,3,4,348,2,51.7,18.8,103.0,5.5,18,3,0,4,16,9,2.6,2437,7.9,2022,195.0,71.1,0.37
Matthew Stafford,4924,QB,LA,9,74.7,288,303,7.0,2.59,3,15,4.8,68.0,206,0,107,4.2,338,9,-0.07,108,26,47.6,67.0,67.6,52.1,0,8,347,4,47.0,27.1,87.4,8.6,29,5,0,12,10,12,3.5,2087,6.9,2022,121.3,250.1,0.44
Marcus Mariota,9435,QB,ATL,13,67.3,284,300,10.5,2.99,3,8,2.5,61.3,184,0,121,3.7,354,7,-0.04,116,2,46.8,66.1,62.7,69.1,1,9,373,1,44.9,23.1,88.2,7.9,28,26,4,8,15,15,4.0,2219,7.4,2022,390.0,14.8,0.51
Taylor Heinicke,9896,QB,WAS,9,71.0,231,259,9.2,2.9,6,9,3.4,62.2,161,0,121,1.8,292,3,-0.06,95,32,30.0,49.8,48.9,56.1,5,6,304,3,44.9,15.7,89.6,6.5,19,13,2,15,12,19,6.3,1859,7.2,2022,373.0,70.0,0.45
Zach Wilson,82096,QB,NYJ,9,65.9,211,242,9.7,3.07,7,8,3.2,54.5,132,0,111,5.0,279,7,-0.16,78,22,80.6,46.6,43.3,65.5,4,7,289,1,38.7,20.7,72.8,8.2,23,13,0,20,6,17,5.9,1688,7.0,2022,354.0,136.9,0.31
Brock Purdy,77672,QB,SF,10,77.0,213,233,7.8,2.84,6,5,2.0,66.5,155,0,87,5.5,259,9,0.22,97,28,90.7,77.9,75.2,69.9,3,4,275,0,50.6,17.2,108.0,5.8,15,9,0,11,16,7,2.5,1943,8.3,2022,116.8,310.6,0.62
Joe Flacco,4332,QB,NYJ,5,71.7,166,191,8.4,2.58,6,3,1.5,57.6,110,0,77,7.6,202,9,-0.18,56,22,28.2,53.3,52.8,61.5,8,3,212,2,38.6,13.0,75.2,5.0,10,1,0,11,5,7,3.3,1051,5.5,2022,50.0,108.8,0.51
Mike White,46453,QB,NYJ,4,69.6,158,175,8.0,2.61,5,8,4.5,58.9,103,0,51,6.4,186,7,-0.03,56,22,71.6,61.3,59.6,69.2,5,4,189,0,39.2,17.6,75.7,4.8,9,1,0,7,3,7,3.7,1192,6.8,2022,297.5,4.6,0.77
Deshaun Watson,11767,QB,CLV,6,73.0,148,170,7.9,3.31,4,2,1.1,58.2,99,0,73,8.3,204,9,-0.14,58,8,60.9,54.7,51.0,69.6,3,5,218,1,41.7,27.4,79.1,9.8,20,12,2,13,7,9,4.1,1102,6.5,2022,81.0,88.8,0.43
Cooper Rush,12324,QB,DAL,8,69.4,144,162,8.9,2.43,7,3,1.8,58.0,94,0,55,6.0,172,6,-0.15,52,9,71.3,56.5,55.9,54.8,3,3,182,1,39.5,12.7,80.0,4.1,7,2,1,7,5,8,4.4,1051,6.5,2022,422.0,4.3,0.16
Tyler Huntley,46448,QB,BLT,6,71.0,131,141,7.4,2.98,2,3,2.0,65.2,92,0,58,1.1,168,1,-0.09,45,3,56.9,55.3,57.3,51.0,1,4,177,1,40.5,15.5,80.2,5.4,9,18,2,5,4,6,3.4,884,6.3,2022,365.0,25.6,0.53
Sam Darnold,29048,QB,CAR,6,72.2,115,140,9.2,3.16,2,10,6.7,58.6,82,0,61,1.2,162,1,0.1,61,5,27.3,63.0,66.3,45.3,1,3,173,3,45.7,16.4,92.6,6.2,10,9,3,19,7,5,2.9,1143,8.2,2022,268.0,26.3,0.48
Desmond Ridder,55086,QB,ATL,4,68.5,108,115,8.4,3.0,1,3,2.5,63.5,73,0,43,1.4,136,1,-0.1,40,2,43.5,55.9,60.1,36.2,2,0,144,2,43.4,20.9,86.4,6.6,9,11,0,4,2,2,1.4,708,6.2,2022,206.0,198.7,0.45
Jameis Winston,9434,QB,NO,3,71.7,106,115,12.0,2.64,2,7,5.7,63.5,73,0,42,3.9,129,3,-0.14,35,20,39.6,65.3,66.9,37.5,1,5,137,1,42.6,26.2,79.5,8.5,11,3,2,4,4,7,5.1,858,7.5,2022,362.0,15.0,0.31
Bailey Zappe,60396,QB,NE,4,80.0,85,92,7.4,2.77,3,1,1.0,70.7,65,0,26,4.4,99,3,0.04,37,19,26.1,67.1,74.0,29.9,0,3,109,3,49.5,23.1,100.9,6.1,6,1,0,4,5,2,1.8,781,8.5,2022,344.0,80.2,0.32
Jarrett Stidham,13725,QB,LV,3,73.7,76,83,10.3,3.05,1,2,2.2,63.9,53,0,47,5.4,101,3,0.07,37,23,25.3,62.2,62.8,58.9,2,3,107,2,49.5,14.9,89.2,6.9,7,11,0,4,4,4,3.7,656,7.9,2022,415.0,27.6,0.36
