year,team,head_coach,offensive_coordinator,offensive_playcaller,prev_hc_team,prev_oc_team,hc_playcaller,oc_playcaller,hired,oc_hired
2017,ARI,Bruce Arians,Harold Goodwin,Bruce Arians,IND,IND,true,false,2013,2013
2017,ATL,Dan Quinn,Steve Sarkisian,Steve Sarkisian,SEA,Alabama,false,true,2015,2017
2017,BAL,John Harbaugh,Marty Mornhinweg,Marty Mornhinweg,PHI,BAL,false,true,2008,2016
2017,BUF,Sean McDermott,Rick Dennison,Rick Dennison,CAR,DEN,false,true,2017,2017
2017,CAR,Ron Rivera,Mike Shula,Mike Shula,LAC,CAR,false,true,2011,2013
2017,CHI,John Fox,Dowell Loggains,Dowell Loggains,DEN,CHI,false,true,2015,2016
2017,CIN,Marvin Lewis,Ken Zampese,Ken Zampese,WAS,CIN,false,true,2003,2016
2017,CLE,Hue Jackson,NONE,Hue Jackson,CIN,,true,false,2016,
2017,DAL,Jason Garrett,Scott Linehan,Scott Linehan,DAL,DET,false,true,2010,2014
2017,DEN,Vance Joseph,Mike McCoy,Mike McCoy,MIA,LAC,false,true,2017,2017
2017,DET,Jim Caldwell,Jim Bob Cooter,Jim Bob Cooter,BAL,DET,false,true,2014,2015
2017,GB,Mike McCarthy,Edgar Bennett,Mike McCarthy,SF,GB,true,false,2006,2015
2017,HOU,Bill O'Brien,NONE,Bill O'Brien,Penn State,,true,false,2014,
2017,IND,Chuck Pagano,Rob Chudzinski,Rob Chudzinski,BAL,IND,false,true,2012,2016
2017,JAX,Doug Marrone,Nathaniel Hackett,Nathaniel Hackett,JAX,JAX,false,true,2017,2016
2017,KC,Andy Reid,Matt Nagy,Andy Reid,PHI,KC,true,false,2013,2016
2017,LAC,Anthony Lynn,Ken Whisenhunt,Ken Whisenhunt,BUF,TEN,false,true,2017,2016
2017,LAR,Sean McVay,Matt LaFleur,Sean McVay,WAS,ATL,true,false,2017,2017
2017,LV,Jack Del Rio,Todd Downing,Todd Downing,DEN,LV,false,true,2015,2017
2017,MIA,Adam Gase,Clyde Christensen,Adam Gase,CHI,IND,true,false,2016,2016
2017,MIN,Mike Zimmer,Pat Shurmur,Pat Shurmur,CIN,MIN,false,true,2014,2016
2017,NE,Bill Belichick,Josh McDaniels,Josh McDaniels,NYJ,LAR,false,true,2000,2012
2017,NO,Sean Payton,Pete Carmichael Jr.,Sean Payton,DAL,NO,true,false,2006,2009
2017,NYG,Ben McAdoo,Mike Sullivan,Ben McAdoo,NYG,NYG,true,false,2016,2016
2017,NYJ,Todd Bowles,John Morton,John Morton,ARI,NO,false,true,2015,2017
2017,PHI,Doug Pederson,Frank Reich,Doug Pederson,KC,LAC,true,false,2016,2016
2017,PIT,Mike Tomlin,Todd Haley,Todd Haley,MIN,KC,false,true,2007,2012
2017,SEA,Pete Carroll,Darrell Bevell,Darrell Bevell,USC,MIN,false,true,2010,2011
2017,SF,Kyle Shanahan,NONE,Kyle Shanahan,ATL,,true,false,2017,
2017,TB,Dirk Koetter,Todd Monken,Dirk Koetter,TB,Southern Miss,true,false,2016,2016
2017,TEN,Mike Mularkey,Terry Robiskie,Terry Robiskie,TEN,ATL,false,true,2016,2016
2017,WAS,Jay Gruden,Matt Cavanaugh,Jay Gruden,CIN,WAS,true,false,2014,2017
2018,ARI,Steve Wilks,Mike McCoy,Mike McCoy,CAR,DEN,false,true,2018,2018
2018,ATL,Dan Quinn,Steve Sarkisian,Steve Sarkisian,SEA,Alabama,false,true,2015,2017
2018,BAL,John Harbaugh,Marty Mornhinweg,Marty Mornhinweg,PHI,BAL,false,true,2008,2016
2018,BUF,Sean McDermott,Brian Daboll,Brian Daboll,CAR,Alabama,false,true,2017,2018
2018,CAR,Ron Rivera,Norv Turner,Norv Turner,LAC,MIN,false,true,2011,2018
2018,CHI,Matt Nagy,Mark Helfrich,Matt Nagy,KC,Oregon,true,false,2018,2018
2018,CIN,Marvin Lewis,Bill Lazor,Bill Lazor,WAS,CIN,false,true,2003,2017
2018,CLE,Hue Jackson,Todd Haley,Todd Haley,CIN,PIT,false,true,2016,2018
2018,DAL,Jason Garrett,Scott Linehan,Scott Linehan,DAL,DET,false,true,2010,2014
2018,DEN,Vance Joseph,Bill Musgrave,Bill Musgrave,MIA,DEN,false,true,2017,2017
2018,DET,Matt Patricia,Jim Bob Cooter,Jim Bob Cooter,NE,DET,false,true,2018,2015
2018,GB,Mike McCarthy,Joe Philbin,Mike McCarthy,SF,IND,true,false,2006,2018
2018,HOU,Bill O'Brien,NONE,Bill O'Brien,Penn State,,true,false,2014,
2018,IND,Frank Reich,Nick Sirianni,Frank Reich,PHI,LAC,true,false,2018,2018
2018,JAX,Doug Marrone,Nathaniel Hackett,Nathaniel Hackett,JAX,JAX,false,true,2017,2016
2018,KC,Andy Reid,Eric Bieniemy,Andy Reid,PHI,KC,true,false,2013,2018
2018,LAC,Anthony Lynn,Ken Whisenhunt,Ken Whisenhunt,BUF,TEN,false,true,2017,2016
2018,LAR,Sean McVay,NONE,Sean McVay,WAS,,true,false,2017,
2018,LV,Jon Gruden,Greg Olson,Jon Gruden,TB,LAR,true,false,2018,2018
2018,MIA,Adam Gase,Dowell Loggains,Adam Gase,CHI,CHI,true,false,2016,2018
2018,MIN,Mike Zimmer,John DeFilippo,John DeFilippo,CIN,PHI,false,true,2014,2018
2018,NE,Bill Belichick,Josh McDaniels,Josh McDaniels,NYJ,LAR,false,true,2000,2012
2018,NO,Sean Payton,Pete Carmichael Jr.,Sean Payton,DAL,NO,true,false,2006,2009
2018,NYG,Pat Shurmur,Mike Shula,Pat Shurmur,MIN,CAR,true,false,2018,2018
2018,NYJ,Todd Bowles,Jeremy Bates,Jeremy Bates,ARI,NYJ,false,true,2015,2018
2018,PHI,Doug Pederson,Mike Groh,Doug Pederson,KC,PHI,true,false,2016,2018
2018,PIT,Mike Tomlin,Randy Fichtner,Randy Fichtner,MIN,PIT,false,true,2007,2018
2018,SEA,Pete Carroll,Brian Schottenheimer,Brian Schottenheimer,USC,IND,false,true,2010,2018
2018,SF,Kyle Shanahan,NONE,Kyle Shanahan,ATL,,true,false,2017,
2018,TB,Dirk Koetter,Todd Monken,Dirk Koetter,TB,Southern Miss,true,false,2016,2016
2018,TEN,Mike Vrabel,Matt LaFleur,Matt LaFleur,HOU,LAR,false,true,2018,2018
2018,WAS,Jay Gruden,Matt Cavanaugh,Jay Gruden,CIN,WAS,true,false,2014,2017
2019,ARI,Kliff Kingsbury,NONE,Kliff Kingsbury,USC,,true,false,2019,
2019,ATL,Dan Quinn,Dirk Koetter,Dirk Koetter,SEA,TB,false,true,2015,2019
2019,BAL,John Harbaugh,Greg Roman,Greg Roman,PHI,BAL,false,true,2008,2019
2019,BUF,Sean McDermott,Brian Daboll,Brian Daboll,CAR,Alabama,false,true,2017,2018
2019,CAR,Ron Rivera,Norv Turner,Norv Turner,LAC,MIN,false,true,2011,2018
2019,CHI,Matt Nagy,Mark Helfrich,Matt Nagy,KC,Oregon,true,false,2018,2018
2019,CIN,Zac Taylor,Brian Callahan,Zac Taylor,LAR,LV,true,false,2019,2019
2019,CLE,Freddie Kitchens,Todd Monken,Freddie Kitchens,CLE,TB,true,false,2019,2019
2019,DAL,Jason Garrett,Kellen Moore,Kellen Moore,DAL,DAL,false,true,2010,2019
2019,DEN,Vic Fangio,Rich Scangarello,Rich Scangarello,CHI,SF,false,true,2019,2019
2019,DET,Matt Patricia,Darrell Bevell,Darrell Bevell,NE,SEA,false,true,2018,2019
2019,GB,Matt LaFleur,Nathaniel Hackett,Matt LaFleur,TEN,JAX,true,false,2019,2019
2019,HOU,Bill O'Brien,Tim Kelly,Bill O'Brien,Penn State,HOU,true,false,2014,2019
2019,IND,Frank Reich,Nick Sirianni,Frank Reich,PHI,LAC,true,false,2018,2018
2019,JAX,Doug Marrone,John DeFilippo,John DeFilippo,JAX,MIN,false,true,2017,2019
2019,KC,Andy Reid,Eric Bieniemy,Andy Reid,PHI,KC,true,false,2013,2018
2019,LAC,Anthony Lynn,Ken Whisenhunt,Ken Whisenhunt,BUF,TEN,false,true,2017,2016
2019,LAR,Sean McVay,NONE,Sean McVay,WAS,,true,false,2017,
2019,LV,Jon Gruden,Greg Olson,Jon Gruden,TB,LAR,true,false,2018,2018
2019,MIA,Brian Flores,Chad O'Shea,Chad O'Shea,NE,NE,false,true,2019,2019
2019,MIN,Mike Zimmer,Kevin Stefanski,Kevin Stefanski,CIN,MIN,false,true,2014,2018
2019,NE,Bill Belichick,Josh McDaniels,Josh McDaniels,NYJ,LAR,false,true,2000,2012
2019,NO,Sean Payton,Pete Carmichael Jr.,Sean Payton,DAL,NO,true,false,2006,2009
2019,NYG,Pat Shurmur,Mike Shula,Pat Shurmur,MIN,CAR,true,false,2018,2018
2019,NYJ,Adam Gase,Dowell Loggains,Adam Gase,MIA,MIA,true,false,2019,2019
2019,PHI,Doug Pederson,Mike Groh,Doug Pederson,KC,PHI,true,false,2016,2018
2019,PIT,Mike Tomlin,Randy Fichtner,Randy Fichtner,MIN,PIT,false,true,2007,2018
2019,SEA,Pete Carroll,Brian Schottenheimer,Brian Schottenheimer,USC,IND,false,true,2010,2018
2019,SF,Kyle Shanahan,NONE,Kyle Shanahan,ATL,,true,false,2017,
2019,TB,Bruce Arians,Byron Leftwich,Byron Leftwich,ARI,ARI,false,true,2019,2019
2019,TEN,Mike Vrabel,Arthur Smith,Arthur Smith,HOU,TEN,false,true,2018,2019
2019,WAS,Jay Gruden,Kevin O'Connell,Jay Gruden,CIN,WAS,true,false,2014,2019
2020,ARI,Kliff Kingsbury,NONE,Kliff Kingsbury,USC,,true,false,2019,
2020,ATL,Dan Quinn,Dirk Koetter,Dirk Koetter,SEA,TB,false,true,2015,2019
2020,BAL,John Harbaugh,Greg Roman,Greg Roman,PHI,BAL,false,true,2008,2019
2020,BUF,Sean McDermott,Brian Daboll,Brian Daboll,CAR,Alabama,false,true,2017,2018
2020,CAR,Matt Rhule,Joe Brady,Joe Brady,Baylor,LSU,false,true,2020,2020
2020,CHI,Matt Nagy,Bill Lazor,Matt Nagy,KC,Penn State,true,false,2018,2020
2020,CIN,Zac Taylor,Brian Callahan,Zac Taylor,LAR,LV,true,false,2019,2019
2020,CLE,Kevin Stefanski,Alex Van Pelt,Kevin Stefanski,MIN,CIN,true,false,2020,2020
2020,DAL,Mike McCarthy,Kellen Moore,Kellen Moore,GB,DAL,false,true,2020,2019
2020,DEN,Vic Fangio,Pat Shurmur,Pat Shurmur,CHI,NYG,false,true,2019,2020
2020,DET,Matt Patricia,Darrell Bevell,Darrell Bevell,NE,SEA,false,true,2018,2019
2020,GB,Matt LaFleur,Nathaniel Hackett,Matt LaFleur,TEN,JAX,true,false,2019,2019
2020,HOU,Bill O'Brien,Tim Kelly,Tim Kelly,Penn State,HOU,false,true,2014,2019
2020,IND,Frank Reich,Nick Sirianni,Frank Reich,PHI,LAC,true,false,2018,2018
2020,JAX,Doug Marrone,Jay Gruden,Jay Gruden,JAX,WAS,false,true,2017,2020
2020,KC,Andy Reid,Eric Bieniemy,Andy Reid,PHI,KC,true,false,2013,2018
2020,LAC,Anthony Lynn,Shane Steichen,Shane Steichen,BUF,LAC,false,true,2017,2019
2020,LAR,Sean McVay,Kevin O'Connell,Sean McVay,WAS,WAS,true,false,2017,2020
2020,LV,Jon Gruden,Greg Olson,Jon Gruden,TB,LAR,true,false,2018,2018
2020,MIA,Brian Flores,Chan Gailey,Chan Gailey,NE,NYJ,false,true,2019,2020
2020,MIN,Mike Zimmer,Gary Kubiak,Gary Kubiak,CIN,MIN,false,true,2014,2020
2020,NE,Bill Belichick,Josh McDaniels,Josh McDaniels,NYJ,LAR,false,true,2000,2012
2020,NO,Sean Payton,Pete Carmichael Jr.,Sean Payton,DAL,NO,true,false,2006,2009
2020,NYG,Joe Judge,Jason Garrett,Jason Garrett,NE,DAL,false,true,2020,2020
2020,NYJ,Adam Gase,Dowell Loggains,Adam Gase,MIA,MIA,true,false,2019,2019
2020,PHI,Doug Pederson,NONE,Doug Pederson,KC,,true,false,2016,
2020,PIT,Mike Tomlin,Randy Fichtner,Randy Fichtner,MIN,PIT,false,true,2007,2018
2020,SEA,Pete Carroll,Brian Schottenheimer,Brian Schottenheimer,USC,IND,false,true,2010,2018
2020,SF,Kyle Shanahan,NONE,Kyle Shanahan,ATL,,true,false,2017,
2020,TB,Bruce Arians,Byron Leftwich,Byron Leftwich,ARI,ARI,false,true,2019,2019
2020,TEN,Mike Vrabel,Arthur Smith,Arthur Smith,HOU,TEN,false,true,2018,2019
2020,WAS,Ron Rivera,Scott Turner,Scott Turner,CAR,CAR,false,true,2020,2020
2021,ARI,Kliff Kingsbury,NONE,Kliff Kingsbury,USC,,true,false,2019,
2021,ATL,Arthur Smith,Dave Ragone,Arthur Smith,TEN,CHI,true,false,2021,2021
2021,BAL,John Harbaugh,Greg Roman,Greg Roman,PHI,BAL,false,true,2008,2019
2021,BUF,Sean McDermott,Brian Daboll,Brian Daboll,CAR,Alabama,false,true,2017,2018
2021,CAR,Matt Rhule,Joe Brady,Joe Brady,Baylor,LSU,false,true,2020,2020
2021,CHI,Matt Nagy,Bill Lazor,Matt Nagy,KC,Penn State,true,false,2018,2020
2021,CIN,Zac Taylor,Brian Callahan,Zac Taylor,LAR,LV,true,false,2019,2019
2021,CLE,Kevin Stefanski,Alex Van Pelt,Kevin Stefanski,MIN,CIN,true,false,2020,2020
2021,DAL,Mike McCarthy,Kellen Moore,Kellen Moore,GB,DAL,false,true,2020,2019
2021,DEN,Vic Fangio,Pat Shurmur,Pat Shurmur,CHI,NYG,false,true,2019,2020
2021,DET,Dan Campbell,Anthony Lynn,Anthony Lynn,NO,LAC,false,true,2021,2021
2021,GB,Matt LaFleur,Nathaniel Hackett,Matt LaFleur,TEN,JAX,true,false,2019,2019
2021,HOU,David Culley,Tim Kelly,Tim Kelly,BAL,HOU,false,true,2021,2019
2021,IND,Frank Reich,Marcus Brady,Frank Reich,PHI,IND,true,false,2018,2021
2021,JAX,Urban Meyer,Darrell Bevell,Darrell Bevell,Ohio State,DET,false,true,2021,2021
2021,KC,Andy Reid,Eric Bieniemy,Andy Reid,PHI,KC,true,false,2013,2018
2021,LAC,Brandon Staley,Joe Lombardi,Joe Lombardi,LAR,NO,false,true,2021,2021
2021,LAR,Sean McVay,Kevin O'Connell,Sean McVay,WAS,WAS,true,false,2017,2020
2021,LV,Jon Gruden,Greg Olson,Jon Gruden,TB,LAR,true,false,2018,2018
2021,MIA,Brian Flores,George Godsey / Eric Studesville,George Godsey / Eric Studesville,NE,MIA,false,true,2019,2021
2021,MIN,Mike Zimmer,Klint Kubiak,Klint Kubiak,CIN,MIN,false,true,2014,2021
2021,NE,Bill Belichick,Josh McDaniels,Josh McDaniels,NYJ,LAR,false,true,2000,2012
2021,NO,Sean Payton,Pete Carmichael Jr.,Sean Payton,DAL,NO,true,false,2006,2009
2021,NYG,Joe Judge,Jason Garrett,Jason Garrett,NE,DAL,false,true,2020,2020
2021,NYJ,Robert Saleh,Mike LaFleur,Mike LaFleur,SF,SF,false,true,2021,2021
2021,PHI,Nick Sirianni,Shane Steichen,Nick Sirianni,IND,LAC,true,false,2021,2021
2021,PIT,Mike Tomlin,Matt Canada,Matt Canada,MIN,PIT,false,true,2007,2021
2021,SEA,Pete Carroll,Shane Waldron,Shane Waldron,USC,LAR,false,true,2010,2021
2021,SF,Kyle Shanahan,Mike McDaniel,Kyle Shanahan,ATL,SF,true,false,2017,2021
2021,TB,Bruce Arians,Byron Leftwich,Byron Leftwich,ARI,ARI,false,true,2019,2019
2021,TEN,Mike Vrabel,Todd Downing,Todd Downing,HOU,TEN,false,true,2018,2021
2021,WAS,Ron Rivera,Scott Turner,Scott Turner,CAR,CAR,false,true,2020,2020
2022,ARI,Kliff Kingsbury,NONE,Kliff Kingsbury,USC,,true,false,2019,
2022,ATL,Arthur Smith,Dave Ragone,Arthur Smith,TEN,CHI,true,false,2021,2021
2022,BAL,John Harbaugh,Greg Roman,Greg Roman,PHI,BAL,false,true,2008,2019
2022,BUF,Sean McDermott,Ken Dorsey,Ken Dorsey,CAR,BUF,false,true,2017,2022
2022,CAR,Matt Rhule,Ben McAdoo,Ben McAdoo,Baylor,DAL,false,true,2020,2022
2022,CHI,Matt Eberflus,Luke Getsy,Luke Getsy,IND,GB,false,true,2022,2022
2022,CIN,Zac Taylor,Brian Callahan,Zac Taylor,LAR,LV,true,false,2019,2019
2022,CLE,Kevin Stefanski,Alex Van Pelt,Kevin Stefanski,MIN,CIN,true,false,2020,2020
2022,DAL,Mike McCarthy,Kellen Moore,Kellen Moore,GB,DAL,false,true,2020,2019
2022,DEN,Nathaniel Hackett,Justin Outten,Nathaniel Hackett,GB,GB,true,false,2022,2022
2022,DET,Dan Campbell,Ben Johnson,Ben Johnson,NO,DET,false,true,2021,2022
2022,GB,Matt LaFleur,Adam Stenavich,Matt LaFleur,TEN,GB,true,false,2019,2022
2022,HOU,Lovie Smith,Pep Hamilton,Pep Hamilton,HOU,HOU,false,true,2022,2022
2022,IND,Frank Reich,Marcus Brady,Frank Reich,PHI,IND,true,false,2018,2021
2022,JAX,Doug Pederson,Press Taylor,Doug Pederson,PHI,IND,true,false,2022,2022
2022,KC,Andy Reid,Eric Bieniemy,Andy Reid,PHI,KC,true,false,2013,2018
2022,LAC,Brandon Staley,Joe Lombardi,Joe Lombardi,LAR,NO,false,true,2021,2021
2022,LAR,Sean McVay,Liam Coen,Sean McVay,WAS,Kentucky,true,false,2017,2022
2022,LV,Josh McDaniels,Mick Lombardi,Josh McDaniels,NE,NE,true,false,2022,2022
2022,MIA,Mike McDaniel,Frank Smith,Mike McDaniel,SF,LAC,true,false,2022,2022
2022,MIN,Kevin O'Connell,Wes Phillips,Kevin O'Connell,LAR,LAR,true,false,2022,2022
2022,NE,Bill Belichick,NONE,Matt Patricia,NYJ,,false,false,2000,
2022,NO,Dennis Allen,Pete Carmichael Jr.,Pete Carmichael Jr.,NO,NO,false,true,2022,2009
2022,NYG,Brian Daboll,Mike Kafka,Mike Kafka,BUF,KC,false,true,2022,2022
2022,NYJ,Robert Saleh,Mike LaFleur,Mike LaFleur,SF,SF,false,true,2021,2021
2022,PHI,Nick Sirianni,Shane Steichen,Shane Steichen,IND,LAC,false,true,2021,2021
2022,PIT,Mike Tomlin,Matt Canada,Matt Canada,MIN,PIT,false,true,2007,2021
2022,SEA,Pete Carroll,Shane Waldron,Shane Waldron,USC,LAR,false,true,2010,2021
2022,SF,Kyle Shanahan,NONE,Kyle Shanahan,ATL,,true,false,2017,
2022,TB,Todd Bowles,Byron Leftwich,Byron Leftwich,TB,ARI,false,true,2022,2019
2022,TEN,Mike Vrabel,Todd Downing,Todd Downing,HOU,TEN,false,true,2018,2021
2022,WAS,Ron Rivera,Scott Turner,Scott Turner,CAR,CAR,false,true,2020,2020
2023,ARI,Jonathan Gannon,Drew Petzing,Drew Petzing,PHI,CLE,false,true,2023,2023
2023,ATL,Arthur Smith,Dave Ragone,Arthur Smith,TEN,CHI,true,false,2021,2021
2023,BAL,John Harbaugh,Todd Monken,Todd Monken,PHI,Georgia,false,true,2008,2023
2023,BUF,Sean McDermott,Ken Dorsey,Ken Dorsey,CAR,BUF,false,true,2017,2022
2023,CAR,Frank Reich,Thomas Brown,Frank Reich,IND,LAR,true,false,2023,2023
2023,CHI,Matt Eberflus,Luke Getsy,Luke Getsy,IND,GB,false,true,2022,2022
2023,CIN,Zac Taylor,Brian Callahan,Zac Taylor,LAR,LV,true,false,2019,2019
2023,CLE,Kevin Stefanski,Alex Van Pelt,Kevin Stefanski,MIN,CIN,true,false,2020,2020
2023,DAL,Mike McCarthy,Brian Schottenheimer,Mike McCarthy,GB,DAL,true,false,2020,2023
2023,DEN,Sean Payton,Joe Lombardi,Sean Payton,NO,LAC,true,false,2023,2023
2023,DET,Dan Campbell,Ben Johnson,Ben Johnson,NO,DET,false,true,2021,2022
2023,GB,Matt LaFleur,Adam Stenavich,Adam Stenavich,TEN,GB,false,true,2019,2022
2023,HOU,DeMeco Ryans,Bobby Slowik,Bobby Slowik,SF,SF,false,true,2023,2023
2023,IND,Shane Steichen,Jim Bob Cooter,Shane Steichen,PHI,JAX,true,false,2023,2023
2023,JAX,Doug Pederson,Press Taylor,Press Taylor,PHI,IND,false,true,2022,2022
2023,KC,Andy Reid,Matt Nagy,Andy Reid,PHI,KC,true,false,2013,2023
2023,LAC,Brandon Staley,Kellen Moore,Kellen Moore,LAR,DAL,false,true,2021,2023
2023,LAR,Sean McVay,Mike LaFleur,Sean McVay,WAS,NYJ,true,false,2017,2023
2023,LV,Josh McDaniels,Mick Lombardi,Josh McDaniels,NE,NE,true,false,2022,2022
2023,MIA,Mike McDaniel,Frank Smith,Mike McDaniel,SF,LAC,true,false,2022,2022
2023,MIN,Kevin O'Connell,Wes Phillips,Kevin O'Connell,LAR,LAR,true,false,2022,2022
2023,NE,Bill Belichick,Bill O'Brien,Bill O'Brien,NYJ,Alabama,false,true,2000,2023
2023,NO,Dennis Allen,Pete Carmichael Jr.,Pete Carmichael Jr.,NO,NO,false,true,2022,2009
2023,NYG,Brian Daboll,Mike Kafka,Mike Kafka,BUF,KC,false,true,2022,2022
2023,NYJ,Robert Saleh,Nathaniel Hackett,Nathaniel Hackett,SF,DEN,false,true,2021,2023
2023,PHI,Nick Sirianni,Brian Johnson,Brian Johnson,IND,PHI,false,true,2021,2023
2023,PIT,Mike Tomlin,Matt Canada,Matt Canada,MIN,PIT,false,true,2007,2021
2023,SEA,Pete Carroll,Shane Waldron,Shane Waldron,USC,LAR,false,true,2010,2021
2023,SF,Kyle Shanahan,NONE,Kyle Shanahan,ATL,,true,false,2017,
2023,TB,Todd Bowles,Dave Canales,Dave Canales,TB,SEA,false,true,2022,2023
2023,TEN,Mike Vrabel,Tim Kelly,Tim Kelly,HOU,TEN,false,true,2018,2023
2023,WAS,Ron Rivera,Eric Bieniemy,Eric Bieniemy,CAR,KC,false,true,2020,2023
2024,ARI,Jonathan Gannon,Drew Petzing,Drew Petzing,PHI,CLE,false,true,2023,2023
2024,ATL,Raheem Morris,Zac Robinson,Zac Robinson,LAR,LAR,false,true,2024,2024
2024,BAL,John Harbaugh,Todd Monken,Todd Monken,PHI,Georgia,false,true,2008,2023
2024,BUF,Sean McDermott,Joe Brady,Joe Brady,CAR,BUF,false,true,2017,2023
2024,CAR,Dave Canales,Brad Idzik,Dave Canales,TB,TB,true,false,2024,2024
2024,CHI,Matt Eberflus,Shane Waldron,Shane Waldron,IND,SEA,false,true,2022,2024
2024,CIN,Zac Taylor,Dan Pitcher,Zac Taylor,LAR,CIN,true,false,2019,2024
2024,CLE,Kevin Stefanski,Ken Dorsey,Kevin Stefanski,MIN,BUF,true,false,2020,2024
2024,DAL,Mike McCarthy,Brian Schottenheimer,Mike McCarthy,GB,DAL,true,false,2020,2023
2024,DEN,Sean Payton,Joe Lombardi,Sean Payton,NO,LAC,true,false,2023,2023
2024,DET,Dan Campbell,Ben Johnson,Ben Johnson,NO,DET,false,true,2021,2022
2024,GB,Matt LaFleur,Adam Stenavich,Matt LaFleur,TEN,GB,true,false,2019,2022
2024,HOU,DeMeco Ryans,Bobby Slowik,Bobby Slowik,SF,SF,false,true,2023,2023
2024,IND,Shane Steichen,Jim Bob Cooter,Shane Steichen,PHI,JAX,true,false,2023,2023
2024,JAX,Doug Pederson,Press Taylor,Press Taylor,PHI,IND,false,true,2022,2022
2024,KC,Andy Reid,Matt Nagy,Andy Reid,PHI,KC,true,false,2013,2023
2024,LAC,Jim Harbaugh,Greg Roman,Greg Roman,Michigan,BAL,false,true,2024,2024
2024,LAR,Sean McVay,Mike LaFleur,Sean McVay,WAS,NYJ,true,false,2017,2023
2024,LV,Antonio Pierce,Luke Getsy,Luke Getsy,LV,CHI,false,true,2023,2024
2024,MIA,Mike McDaniel,Frank Smith,Mike McDaniel,SF,LAC,true,false,2022,2022
2024,MIN,Kevin O'Connell,Wes Phillips,Kevin O'Connell,LAR,LAR,true,false,2022,2022
2024,NE,Jerod Mayo,Alex Van Pelt,Alex Van Pelt,NE,CLE,false,true,2024,2024
2024,NO,Dennis Allen,Klint Kubiak,Klint Kubiak,NO,SF,false,true,2022,2024
2024,NYG,Brian Daboll,Mike Kafka,Brian Daboll,BUF,KC,true,false,2022,2022
2024,NYJ,Robert Saleh,Nathaniel Hackett,Nathaniel Hackett,SF,DEN,false,true,2021,2023
2024,PHI,Nick Sirianni,Kellen Moore,Kellen Moore,IND,LAC,false,true,2021,2024
2024,PIT,Mike Tomlin,Arthur Smith,Arthur Smith,MIN,ATL,false,true,2007,2024
2024,SEA,Mike Macdonald,Ryan Grubb,Ryan Grubb,BAL,Washington,false,true,2024,2024
2024,SF,Kyle Shanahan,NONE,Kyle Shanahan,ATL,,true,false,2017,
2024,TB,Todd Bowles,Liam Coen,Liam Coen,TB,Kentucky,false,true,2022,2024
2024,TEN,Brian Callahan,Nick Holz,Brian Callahan,CIN,JAX,true,false,2024,2024
2024,WAS,Dan Quinn,Kliff Kingsbury,Kliff Kingsbury,DAL,USC,false,true,2024,2024
