Rank,PLAYER,9/8/20 ADP,Rank,Advance Rate,,21.3% was average advance Rate for 2020 players,,,,,,
1,Christian McCaffrey,1,RB 1,5%,ROUND 1,,,,,Best Advance RDs,,
2,Saquon Barkley,2.2,RB 2,2%,,Total Adv Rate for RD1,255%,,,,,
3,Ezekiel Elliott,3,RB 3,10%,,AVG Player RD1,0.21,,,RD7,288%,0.24
4,Alvin Kamara,4.7,RB 4,40%,,,,,,RD18,284%,0.24
5,Derrick Henry,5.9,RB 5,36%,,Top 3,,,,RD6,272%,0.23
6,Clyde Edwards-Helaire,5.9,RB 6,16%,,Cook,52%,,,RD13,268%,0.22
7,Dalvin Cook,6.3,RB 7,52%,,Adams,41%,,,RD2,263%,0.22
8,Michael Thomas,8.3,WR 1,4%,,Kamara,40%,,,RD10,263%,0.22
9,Miles Sanders,9.8,RB 8,12%,,Henry,36%,,,,,
10,Joe Mixon,10.3,RB 9,13%,,,,,,,,
11,Josh Jacobs,11.2,RB 10,24%,,,,,,,,
12,Davante Adams,12.7,WR 2,41%,,,,,,,,
13,Kenyan Drake,13.1,RB 11,20%,ROUND 2,,,,,,,
14,Nick Chubb,14.8,RB 12,22%,,Total Adv Rate for RD2,263%,,,,,
15,Tyreek Hill,15.6,WR 3,41%,,AVG Player RD1,0.22,,,,,
16,Austin Ekeler,16.1,RB 13,15%,,,,,,,,
17,Julio Jones,16.5,WR 4,18%,,Top 3,,,,,,
18,Travis Kelce,17.4,TE 1,38%,,Hill,41%,,,,,
19,Aaron Jones,18,RB 14,36%,,Kelce,38%,,,,,
20,George Kittle,20.1,TE 2,16%,,Jones,36%,,,,,
21,Chris Godwin,22.9,WR 5,11%,,,,,,,,
22,DeAndre Hopkins,23.1,WR 6,20%,,,,,,,,
23,James Conner,23.7,RB 15,19%,,,,,,,,
24,Lamar Jackson,24.5,QB 1,7%,,,,,,,,
25,Kenny Golladay,25.8,WR 7,7%,ROUND 3,,,,,,,
26,Patrick Mahomes,27.3,QB 2,22%,,Total Adv Rate for RD3,254%,,,,,
27,Chris Carson,27.8,RB 16,22%,,AVG Player RD1,0.21,,,,,
28,Jonathan Taylor,28.3,RB 17,19%,,,,,,,,
29,D.J. Moore,29.1,WR 8,20%,,Top 4,,,,,,
30,Amari Cooper,29.3,WR 9,18%,,Thielen,35%,,,,,
31,Mike Evans,31.3,WR 10,24%,,Gurley,27%,,,,,
32,JuJu Smith-Schuster,32.8,WR 11,20%,,Robinson,25%,,,,,
33,Allen Robinson,33.4,WR 12,25%,,Evans,24%,,,,,
34,Odell Beckham,35.2,WR 13,15%,,,,,,,,
35,Adam Thielen,35.4,WR 14,35%,,,,,,,,
36,Todd Gurley,36.4,RB 18,27%,,,,,,,,
37,Calvin Ridley,37.6,WR 15,28%,ROUND 4,,,,,,,
38,A.J. Brown,39.4,WR 16,30%,,Total Adv Rate for RD4,252%,,,,,
39,David Johnson,41,RB 19,19%,,AVG Player RD1,0.21,,,,,
40,Robert Woods,41.5,WR 17,26%,,,,,,,,
41,Melvin Gordon,41.6,RB 20,22%,,Top 4,,,,,,
42,Mark Andrews,42.7,TE 3,15%,,AJ Brown,30%,,,,,
43,Terry McLaurin,43.6,WR 18,22%,,Lockett,30%,,,,,
44,Cooper Kupp,44.8,WR 19,20%,,Ridley,28%,,,,,
45,D.J. Chark,45.7,WR 20,12%,,Woods,26%,,,,,
46,Tyler Lockett,45.7,WR 21,30%,,,,,,,,
47,Le'Veon Bell,45.9,RB 21,13%,,,,,,,,
48,Leonard Fournette,46.9,RB 22,15%,,,,,,,,
49,DK Metcalf,48.7,WR 22,30%,ROUND 5,,,,,,,
50,Cam Akers,52.4,RB 23,16%,,Total Adv Rate for RD5,238%,,,,,
51,Marquise Brown,53,WR 23,13%,,AVG Player RD1,0.20,,,,,
52,Zach Ertz,53.1,TE 4,10%,,,,,,,,
53,Courtland Sutton,53.7,WR 24,11%,,Top 4,,,,,,
54,D'Andre Swift,54.2,RB 24,24%,,Fuller,33%,,,,,
55,Mark Ingram,54.3,RB 25,15%,,Metcalf,30%,,,,,
56,Will Fuller,56.1,WR 25,33%,,K.Hunt,28%,,,,,
57,Kareem Hunt,56.3,RB 26,28%,,Swift,24%,,,,,
58,Michael Gallup,60.2,WR 26,16%,,,,,,,,
59,DeVante Parker,60.4,WR 27,22%,,,,,,,,
60,Raheem Mostert,60.4,RB 27,20%,,,,,,,,
61,T.Y. Hilton,61.1,WR 28,17%,ROUND 6,,,,,,,
62,Keenan Allen,61.5,WR 29,34%,,Total Adv Rate for RD6,272%,,,,,
63,Dak Prescott,63.5,QB 3,12%,,AVG Player RD1,0.23,,,,,
64,David Montgomery,64.1,RB 28,28%,,,,,,,,
65,Stefon Diggs,64.6,WR 30,36%,,Top 5,,,,,,
66,J.K. Dobbins,65,RB 29,19%,,Diggs,36%,,,,,
67,Ronald Jones,67.6,RB 30,30%,,K.Allen,34%,,,,,
68,Tyler Boyd,69.5,WR 31,22%,,R.Jones,30%,,,,,
69,Devin Singletary,70,RB 31,19%,,Montgomery,28%,,,,,
70,Jarvis Landry,71,WR 32,15%,,K.Murray,27%,,,,,
71,A.J. Green,71.6,WR 33,13%,,,,,,,,
72,Kyler Murray,72.1,QB 4,27%,,,,,,,,
73,Darren Waller,72.8,TE 5,29%,ROUND 7,,,,,,,
74,Marvin Jones,74.2,WR 34,16%,,Total Adv Rate for RD7,288%,,,,,
75,Brandin Cooks,75.2,WR 35,22%,,AVG Player RD1,0.24,,,,,
76,Russell Wilson,75.6,QB 5,34%,,,,,,,,
77,Antonio Gibson,76.6,RB 32,33%,,Top 5,,,,,,
78,Deshaun Watson,77.5,QB 6,30%,,R.Wilson,34%,,,,,
79,Diontae Johnson,79.7,WR 36,26%,,A.Gibson,33%,,,,,
80,Julian Edelman,80.6,WR 37,15%,,D.Watson,30%,,,,,
81,Christian Kirk,81.1,WR 38,23%,,D.Waller,29%,,,,,
82,James White,82.1,RB 33,19%,,D.Johnson,26%,,,,,
83,Zack Moss,83,RB 34,22%,,,,,,,,
84,Evan Engram,84.9,TE 6,19%,,,,,,,,
85,Mecole Hardman,85.2,WR 39,20%,ROUND 8,,,,,,,
86,Jamison Crowder,90.2,WR 40,25%,,Total Adv Rate for RD8,239%,,,,,
87,Tevin Coleman,90.5,RB 35,16%,,AVG Player RD1,0.20,,,,,
88,CeeDee Lamb,91,WR 41,23%,,,,,,,,
89,Henry Ruggs,91.7,WR 42,18%,,Top 3,,,,,,
90,Jordan Howard,93.3,RB 36,18%,,J.Allen,37%,,,,,
91,Josh Allen,94.5,QB 7,37%,,Crowder,25%,,,,,
92,DeSean Jackson,95.3,WR 43,13%,,Lamb,23%,,,,,
93,Matt Ryan,95.8,QB 8,20%,,,,,,,,
94,Deebo Samuel,95.9,WR 44,18%,,,,,,,,
95,Jalen Reagor,96.5,WR 45,16%,,,,,,,,
96,Marlon Mack,96.8,RB 37,15%,,,,,,,,
97,Hayden Hurst,97.3,TE 7,23%,ROUND 9,,,,,,,
98,Phillip Lindsay,99.3,RB 38,20%,,Total Adv Rate for RD9,243%,,,,,
99,Darius Slayton,99.6,WR 46,21%,,AVG Player RD1,0.20,,,,,
100,Latavius Murray,100.4,RB 39,24%,,,,,,,,
101,Matt Breida,100.5,RB 40,16%,,Top 4,,,,,,
102,Tarik Cohen,102.4,RB 41,18%,,Edmonds,25%,,,,,
103,Chase Edmonds,104.2,RB 42,25%,,L.Murray,24%,,,,,
104,Tyler Higbee,105,TE 8,22%,,Hurst,23%,,,,,
105,Kerryon Johnson,105.1,RB 43,19%,,J.Brown,23%,,,,,
106,Sterling Shepard,105.6,WR 47,17%,,,,,,,,
107,Carson Wentz,106.8,QB 9,15%,,,,,,,,
108,John Brown,108.1,WR 48,23%,,,,,,,,
109,Tony Pollard,109.3,RB 44,22%,ROUND 10,,,,,,,
110,Matthew Stafford,110.1,QB 10,16%,,Total Adv Rate for RD10,263%,,,,,
111,Alexander Mattison,111.2,RB 45,20%,,AVG Player RD1,0.22,,,,,
112,Emmanuel Sanders,115.4,WR 49,20%,,,,,,,,
113,Mike Gesicki,115.8,TE 9,26%,,Top 4,,,,,,
114,Brandon Aiyuk,116.2,WR 50,27%,,Aiyuk,27%,,,,,
115,Damien Harris,116.5,RB 46,23%,,Gronkowski,27%,,,,,
116,Anthony Miller,118.3,WR 51,18%,,Brady,26%,,,,,
117,Jerry Jeudy,118.8,WR 52,23%,,Gesicki,26%,,,,,
118,Rob Gronkowski,119.3,TE 10,27%,,,,,,,,
119,Drew Brees,119.5,QB 11,15%,,,,,,,,
120,Tom Brady,119.8,QB 12,26%,,,,,,,,
121,Curtis Samuel,120.6,WR 53,25%,ROUND 11,,,,,,,
122,T.J. Hockenson,120.8,TE 11,27%,,Total Adv Rate for RD11,255%,,,,,
123,Jared Cook,122.8,TE 12,21%,,AVG Player RD1,0.21,,,,,
124,Preston Williams,123.7,WR 54,19%,,,,,,,,
125,Boston Scott,124.8,RB 47,21%,,Top 3,,,,,,
126,Cam Newton,126.3,QB 13,17%,,Hockenson,27%,,,,,
127,Hunter Henry,126.4,TE 13,23%,,C.Samuel,25%,,,,,
128,Duke Johnson,128.6,RB 48,22%,,M.Williams,24%,,,,,
129,Golden Tate,129,WR 55,16%,,,,,,,,
130,Noah Fant,130.4,TE 14,22%,,,,,,,,
131,Sammy Watkins,130.8,WR 56,18%,,,,,,,,
132,Mike Williams,135,WR 57,24%,,,,,,,,
133,Allen Lazard,135.1,WR 58,22%,ROUND 12,,,,,,,
134,Aaron Rodgers,136.3,QB 14,36%,,Total Adv Rate for RD12,245%,,,,,
135,Daniel Jones,137.3,QB 15,15%,,AVG Player RD1,0.20,,,,,
136,Jonnu Smith,137.3,TE 15,28%,,,,,,,,
137,Blake Jarwin,139.5,TE 16,11%,,Top 3,,,,,,
138,Austin Hooper,140.9,TE 17,18%,,A.Rodgers,36%,,,,,
139,Christopher Herndon,141.1,TE 18,15%,,D.Henderson,29%,,,,,
140,Darrell Henderson,142.9,RB 49,29%,,J.Smith,28%,,,,,
141,Ben Roethlisberger,143.1,QB 16,24%,,,,,,,,
142,Sony Michel,143.5,RB 50,18%,,,,,,,,
143,Parris Campbell,145.1,WR 59,15%,,,,,,,,
144,N'Keal Harry,146.6,WR 60,14%,,,,,,,,
145,Jared Goff,147.3,QB 17,23%,ROUND 13,,,,,,,
146,A.J. Dillon,148.9,RB 51,19%,,Total Adv Rate for RD13,268%,,,,,
147,Laviska Shenault,149.2,WR 61,19%,,AVG Player RD1,0.22,,,,,
148,Jerick McKinnon,149.4,RB 52,24%,,,,,,,,
149,Dallas Goedert,149.4,TE 19,22%,,Top 4,,,,,,
150,Justin Jefferson,150.4,WR 62,42%,,Jefferson,42%,,,,,
151,Breshad Perriman,151.5,WR 63,21%,,R.Anderson,28%,,,,,
152,Robby Anderson,151.5,WR 64,28%,,McKinnon,24%,,,,,
153,Joe Burrow,151.9,QB 18,19%,,Goff,23%,,,,,
154,Baker Mayfield,154.2,QB 19,16%,,,,,,,,
155,Chris Thompson,156.5,RB 53,15%,,,,,,,,
156,Michael Pittman,156.8,WR 65,20%,,,,,,,,
157,Ke'Shawn Vaughn,159.7,RB 54,18%,ROUND 14,,,,,,,
158,Jimmy Garoppolo,161.8,QB 20,15%,,Total Adv Rate for RD14,249%,,,,,
159,Eric Ebron,162.3,TE 20,29%,,AVG Player RD1,0.21,,,,,
160,Bryan Edwards,162.5,WR 66,15%,,,,,,,,
161,Ian Thomas,162.8,TE 21,15%,,Top 3,,,,,,
162,Randall Cobb,163.8,WR 67,24%,,Tannehill,33%,,,,,
163,Gardner Minshew,163.8,QB 21,15%,,Ebron,29%,,,,,
164,Teddy Bridgewater,165.2,QB 22,20%,,Peterson,25%,,,,,
165,Adrian Peterson,166.6,RB 55,25%,,,,,,,,
166,DeAndre Washington,167.2,RB 56,17%,,,,,,,,
167,Ryan Tannehill,167.4,QB 23,33%,,,,,,,,
168,Irv Smith,169.2,TE 22,23%,,,,,,,,
169,James Washington,169.6,WR 68,20%,ROUND 15,,,,,,,
170,Joshua Kelley,170,RB 57,23%,,Total Adv Rate for RD15,254%,,,,,
171,Nyheim Hines,170.5,RB 58,32%,,AVG Player RD1,0.21,,,,,
172,Jack Doyle,171.6,TE 23,18%,,,,,,,,
173,Bryce Love,172.9,RB 59,16%,,Top 4,,,,,,
174,Justin Jackson,173.9,RB 60,23%,,Cousins,33%,,,,,
175,Darrel Williams,176.2,RB 61,18%,,Hines,32%,,,,,
176,Ryquell Armstead,176.8,RB 62,17%,,J.Jackson,23%,,,,,
177,Steven Sims,177.2,WR 69,17%,,J.Kelley,23%,,,,,
178,Kirk Cousins,177.8,QB 24,33%,,,,,,,,
179,Larry Fitzgerald,178.6,WR 70,21%,,,,,,,,
180,John Ross,179.5,WR 71,16%,,,,,,,,
181,Drew Lock,180.2,QB 25,16%,ROUND 16,,,,,,,
182,Hunter Renfrow,181.5,WR 72,22%,,Total Adv Rate for RD16,254%,,,,,
183,O.J. Howard,184.2,TE 24,19%,,AVG Player RD1,0.21,,,,,
184,Philip Rivers,184.8,QB 26,18%,,,,,,,,
185,Kendrick Bourne,186.5,WR 73,19%,,Top 5,,,,,,
186,Darrynton Evans,188,RB 63,20%,,C.Davis,37%,,,,,
187,Dede Westbrook,190.8,WR 74,16%,,Snell,23%,,,,,
188,Derek Carr,190.9,QB 27,22%,,Carr,22%,,,,,
189,Gerald Everett,191.4,TE 25,20%,,Renfrow,22%,,,,,
190,Benny Snell,191.7,RB 64,23%,,Hyde,22%,,,,,
191,Corey Davis,194.2,WR 75,37%,,,,,,,,
192,Carlos Hyde,194.9,RB 65,22%,,,,,,,,
193,Devine Ozigbo,195,RB 66,17%,ROUND 17,,,,,,,
194,Sam Darnold,195.9,QB 28,16%,,Total Adv Rate for RD17,228%,,,,,
195,Tre'Quan Smith,196.4,WR 76,20%,,AVG Player RD1,0.19,,,,,
196,Josh Reynolds,197.1,WR 77,22%,,,,,,,,
197,Anthony McFarland,198.9,RB 67,18%,,Top 3,,,,,,
198,Alshon Jeffery,200.5,WR 78,16%,,Gage,23%,,,,,
199,Greg Olsen,201.1,TE 26,21%,,Reynolds,22%,,,,,
200,Miles Boykin,201.5,WR 79,17%,,Knox,22%,,,,,
201,Russell Gage,201.5,WR 80,23%,,,,,,,,
202,Dawson Knox,202.8,TE 27,22%,,,,,,,,
203,Tyrod Taylor,203.4,QB 29,17%,,,,,,,,
204,Tyler Eifert,204,TE 28,19%,,,,,,,,
205,Denzel Mims,204.2,WR 81,18%,ROUND 18,,,,,,,
206,Brian Hill,204.3,RB 68,22%,,Total Adv Rate for RD18,284%,,,,,
207,Mohamed Sanu,204.7,WR 82,16%,,AVG Player RD1,0.24,,,,,
208,Jace Sternberger,204.9,TE 29,20%,,,,,,,,
209,Chase Claypool,206.1,WR 83,40%,,Top 3,,,,,,
210,Tee Higgins,206.5,WR 84,30%,,Claypool,40%,,,,,
211,Andy Isabella,207,WR 85,21%,,Beasley,35%,,,,,
212,Dwayne Haskins,207.1,QB 30,15%,,Higgins,30%,,,,,
213,Malcolm Brown,207.2,RB 69,27%,,,,,,,,
214,Devonta Freeman,207.5,RB 70,20%,,,,,,,,
215,Cole Beasley,207.7,WR 86,35%,,,,,,,,
216,Dan Arnold,208.1,TE 30,20%,,,,,,,,
217,Antonio Brown,208.9,WR 87,16%,UNDRAFTED,,,,,,,
218,Kenny Stills,209.1,WR 88,21%,,Top 10 Undrafted (ADP),,,,,,
219,Marquez Valdes-Scantling,210,WR 89,31%,,Tonyan,39%,,,,,
220,Van Jefferson,210,WR 90,17%,,Humphries,32%,,,,,
221,Will Dissly,210.3,TE 31,18%,,Valdes-Scantling,31%,,,,,
222,Giovani Bernard,210.6,RB 71,28%,,Herbert,31%,,,,,
223,Tua Tagovailoa,210.7,QB 31,16%,,Dorsett,29%,,,,,
224,Auden Tate,210.8,WR 91,18%,,Bernard,28%,,,,,
225,LeSean McCoy,211.1,RB 72,18%,,J.Williams,28%,,,,,
226,Derrius Guice,211.5,RB 73,12%,,Burkhead,26%,,,,,
227,Logan Thomas,212.1,TE 32,20%,,McKissic,26%,,,,,
228,Ryan Fitzpatrick,212.2,QB 32,20%,,Fells,24%,,,,,
229,Demarcus Robinson,212.6,WR 92,22%,,,,,,,,
230,Scott Miller,212.7,WR 93,25%,,,,,,,,
231,Olabisi Johnson,212.9,WR 94,23%,,,,,,,,
232,Lynn Bowden,213,RB 74,16%,,,,,,,,
233,Jimmy Graham,213.2,TE 33,23%,,,,,,,,
234,Jamaal Williams,213.3,RB 75,28%,,,,,,,,
235,J.J. Arcega-Whiteside,213.3,WR 95,16%,,,,,,,,
236,Danny Amendola,213.6,WR 96,20%,,,,,,,,
237,Kyle Rudolph,213.6,TE 34,23%,,,,,,,,
238,Frank Gore,213.7,RB 76,20%,,,,,,,,
239,Darren Fells,214.1,TE 35,24%,,,,,,,,
240,Tyrell Williams,214.2,WR 97,16%,,,,,,,,
241,Ito Smith,214.3,RB 77,20%,,,,,,,,
242,Cordarrelle Patterson,214.4,WR 98,20%,,,,,,,,
243,Rashaad Penny,214.4,RB 78,16%,,,,,,,,
244,Darwin Thompson,214.4,RB 79,21%,,,,,,,,
245,Greg Ward,214.5,WR 99,22%,,,,,,,,
246,Josh Gordon,214.5,WR 100,18%,,,,,,,,
247,Trent Taylor,214.5,WR 101,14%,,,,,,,,
248,DeeJay Dallas,214.6,RB 80,22%,,,,,,,,
249,Dare Ogunbowale,214.6,RB 81,17%,,,,,,,,
250,Rex Burkhead,214.6,RB 82,26%,,,,,,,,
251,K.J. Hamler,214.6,WR 102,18%,,,,,,,,
252,Nick Foles,214.8,QB 33,19%,,,,,,,,
253,Chris Conley,215,WR 103,16%,,,,,,,,
254,Lamar Miller,215,RB 83,18%,,,,,,,,
255,David Njoku,215.2,TE 36,16%,,,,,,,,
256,Devin Asiasi,215.2,TE 37,11%,,,,,,,,
257,C.J. Uzomah,215.2,TE 38,15%,,,,,,,,
258,Mitchell Trubisky,215.2,QB 34,15%,,,,,,,,
259,J.D. McKissic,215.3,RB 84,26%,,,,,,,,
260,Antonio Gandy-Golden,215.3,WR 104,14%,,,,,,,,
261,Eno Benjamin,215.3,RB 85,18%,,,,,,,,
262,Dante Pettis,215.4,WR 105,15%,,,,,,,,
263,Devin Duvernay,215.5,WR 106,16%,,,,,,,,
264,Phillip Dorsett,215.6,WR 107,29%,,,,,,,,
265,Jordan Akins,215.6,TE 40,20%,,,,,,,,
266,Jaylen Samuels,215.6,RB 87,15%,,,,,,,,
267,Robert Tonyan,215.6,TE 41,39%,,,,,,,,
268,Justin Herbert,215.6,QB 35,31%,,,,,,,,
269,Reggie Bonnafon,215.7,RB 88,15%,,,,,,,,
270,Adam Humphries,215.7,WR 108,32%,,,,,,,,
271,Jakeem Grant,215.7,WR 109,18%,,,,,,,,