"Player","Team","Pos","Pos Rank","Rank","ADP","2022 Finish","Rank vs. ADP"
"Justin Jefferson","MIN","WR","1","1","1","6","0"
"Ja'Marr Chase","CIN","WR","2","2","2","9","0"
"Christian McCaffrey","SF","RB","1","3","3","3","0"
"Austin Ekeler","LAC","RB","2","4","6","2","2"
"A.J. Brown","PHI","WR","3","5","10","18","5"
"Davante Adams","LV","WR","4","6","17","7","11"
"Nick Chubb","CLE","RB","3","7","11","15","4"
"Saquon Barkley","NYG","RB","4","8","15","10","7"
"Travis Kelce","KC","TE","1","9","5","13","-4"
"Tony Pollard","DAL","RB","5","10","16","20","6"
"Tyreek Hill","MIA","WR","5","11","4","8","-7"
"Stefon Diggs","BUF","WR","6","12","9","12","-3"
"Bijan Robinson","ATL","RB","6","13","8","","-5"
"Josh Jacobs","LV","RB","7","14","26","5","12"
"Jalen Hurts","PHI","QB","1","15","24","11","9"
"Cooper Kupp","LAR","WR","7","16","7","1","-9"
"Garrett Wilson","NYJ","WR","8","17","14","55","-3"
"Derrick Henry","TEN","RB","8","18","20","4","2"
"Josh Allen","BUF","QB","2","19","27","14","8"
"Calvin Ridley","JAX","WR","9","20","23","","3"
"CeeDee Lamb","DAL","WR","10","21","12","19","-9"
"Amon-Ra St. Brown","DET","WR","11","22","13","23","-9"
"Lamar Jackson","BAL","QB","3","23","31","45","8"
"Patrick Mahomes","KC","QB","4","24","21","16","-3"
"Mark Andrews","BAL","TE","2","25","28","64","3"
"Rhamondre Stevenson","NE","RB","9","26","34","29","8"
"DeVonta Smith","PHI","WR","12","27","22","36","-5"
"Tee Higgins","CIN","WR","13","28","25","37","-3"
"Amari Cooper","CLE","WR","14","29","32","33","3"
"Mike Williams","LAC","WR","15","30","42","49","12"
"Jaylen Waddle","MIA","WR","16","31","18","26","-13"
"DK Metcalf","SEA","WR","17","32","29","38","-3"
"Deebo Samuel","SF","WR","18","33","33","56","0"
"Chris Olave","NO","WR","19","34","19","76","-15"
"Keenan Allen","LAC","WR","20","35","35","31","0"
"Joe Burrow","CIN","QB","5","36","47","35","11"
"Joe Mixon","CIN","RB","10","37","38","21","1"
"Dameon Pierce","HOU","RB","11","38","60","44","22"
"Justin Herbert","LAC","QB","6","39","50","144","11"
"Kenneth Walker","SEA","RB","12","40","51","27","11"
"Travis Etienne","JAX","RB","13","41","37","48","-4"
"Jahmyr Gibbs","DET","RB","14","42","30","","-12"
"Diontae Johnson","PIT","WR","21","43","52","210","9"
"Justin Fields","CHI","QB","7","44","41","41","-3"
"Miles Sanders","CAR","RB","15","45","71","39","26"
"Breece Hall","NYJ","RB","16","46","44","17","-2"
"Alexander Mattison","MIN","RB","17","47","59","222","12"
"David Montgomery","DET","RB","18","48","78","69","30"
"Najee Harris","PIT","RB","19","49","43","53","-6"
"Drake London","ATL","WR","22","50","45","114","-5"
"DeAndre Hopkins","TEN","WR","23","51","46","22","-5"
"T.J. Hockenson","MIN","TE","3","52","53","67","1"
"Jonathan Taylor","IND","RB","20","53","39","32","-14"
"Aaron Jones","GB","RB","21","54","48","28","-6"
"Darren Waller","NYG","TE","4","55","56","120","1"
"Chris Godwin","TB","WR","24","56","61","66","5"
"Gabe Davis","BUF","WR","25","57","69","62","12"
"Christian Watson","GB","WR","26","58","40","47","-18"
"Jordan Addison","MIN","WR","27","59","72","","13"
"Brandon Aiyuk","SF","WR","28","60","49","82","-11"
"Tyler Lockett","SEA","WR","29","62","58","43","-4"
"George Pickens","PIT","WR","30","63","62","108","-1"
"George Kittle","SF","TE","5","63","66","51","3"
"Trevor Lawrence","JAX","QB","8","64","63","92","-1"
"Christian Kirk","JAX","WR","31","65","57","34","-8"
"Jahan Dotson","WAS","WR","32","66","64","71","-2"
"Terry McLaurin","WAS","WR","33","67","54","65","-13"
"Mike Evans","TB","WR","34","68","67","42","-1"
"DJ Moore","CHI","WR","35","69","36","57","-33"
"D'Andre Swift","PHI","RB","22","70","85","50","15"
"J.K. Dobbins","BAL","RB","23","71","65","54","-6"
"Jaxon Smith-Njigba","SEA","WR","36","72","68","","-4"
"Jerry Jeudy","DEN","WR","37","73","55","46","-18"
"Marquise Brown","ARI","WR","38","74","74","78","0"
"Michael Pittman","IND","WR","39","75","77","75","2"
"Brandin Cooks","DAL","WR","40","76","84","129","8"
"Courtland Sutton","DEN","WR","41","77","87","125","10"
"Kyle Pitts","ATL","TE","6","78","79","186","1"
"Deshaun Watson","CLE","QB","9","79","88","217","9"
"Dalvin Cook","NYJ","RB","24","80","93","30","13"
"Isiah Pacheco","KC","RB","25","81","90","116","9"
"James Conner","ARI","RB","26","82","81","25","-1"
"Cam Akers","LAR","RB","27","83","73","63","-10"
"Alvin Kamara","NO","RB","28","84","82","40","-2"
"James Cook","BUF","RB","29","85","70","195","-15"
"Javonte Williams","DEN","RB","30","86","75","119","-11"
"Dallas Goedert","PHI","TE","7","87","80","123","-7"
"David Njoku","CLE","TE","8","88","110","117","22"
"Treylon Burks","TEN","WR","42","89","98","213","9"
"JuJu Smith-Schuster","NE","WR","43","90","115","97","25"
"Rashod Bateman","BAL","WR","44","91","96","103","5"
"Anthony Richardson","IND","QB","10","92","100","","8"
"Daniel Jones","NYG","QB","11","93","107","94","14"
"Geno Smith","SEA","QB","12","94","114","111","20"
"Zach Charbonnet","SEA","RB","31","95","104","","9"
"Brian Robinson","WAS","RB","32","96","101","101","5"
"Rachaad White","TB","RB","33","97","83","143","-14"
"Khalil Herbert","CHI","RB","34","98","92","86","-6"
"Pat Freiermuth","PIT","TE","9","99","105","177","6"
"Dak Prescott","DAL","QB","13","100","106","110","6"
"Kirk Cousins","MIN","QB","14","101","113","98","12"
"Michael Thomas","NO","WR","45","102","95","","-7"
"Odell Beckham","BAL","WR","46","103","109","","6"
"Zay Flowers","BAL","WR","47","104","76","","-28"
"Kadarius Toney","KC","WR","48","105","102","182","-3"
"Raheem Mostert","MIA","RB","35","106","131","84","25"
"Jaylen Warren","PIT","RB","36","107","111","263","4"
"AJ Dillon","GB","RB","37","108","103","96","-5"
"Rashaad Penny","PHI","RB","38","109","120","61","11"
"Antonio Gibson","WAS","RB","39","110","99","102","-11"
"Evan Engram","JAX","TE","10","111","97","93","-14"
"Tyler Higbee","LAR","TE","11","112","136","142","24"
"Van Jefferson","LAR","WR","49","113","143","221","30"
"Elijah Moore","CLE","WR","50","114","91","280","-23"
"Zay Jones","JAX","WR","51","115","122","58","7"
"Tyler Boyd","CIN","WR","52","116","112","131","-4"
"Samaje Perine","DEN","RB","40","117","117","105","0"
"Jamaal Williams","NO","RB","41","118","123","119","5"
"Aaron Rodgers","NYJ","QB","15","119","121","193","2"
"Tua Tagovailoa","MIA","QB","16","120","94","74","-26"
"Dalton Kincaid","BUF","TE","12","121","116","","-5"
"Nico Collins","HOU","WR","53","122","119","206","-3"
"Allen Lazard","NYJ","WR","54","123","125","106","2"
"Luke Musgrave","GB","TE","13","124","162","","38"
"Jake Ferguson","DAL","TE","14","125","160","297","35"
"Juwan Johnson","NO","TE","15","126","153","126","27"
"Romeo Doubs","GB","WR","55","127","108","162","-19"
"Quentin Johnston","LAC","WR","56","128","86","","-42"
"Damien Harris","BUF","RB","42","129","137","145","8"
"Elijah Mitchell","SF","RB","43","130","130","149","0"
"Tyler Allgeier","ATL","RB","44","131","139","89","8"
"Tank Bigsby","JAX","RB","45","132","118","","-14"
"DeVante Parker","NE","WR","57","133","180","112","47"
"Skyy Moore","KC","WR","58","134","89","300","-45"
"Ezekiel Elliott","NE","RB","46","135","145","59","10"
"Tyjae Spears","TEN","RB","47","136","157","","21"
"Dalton Schultz","HOU","TE","16","137","135","85","-2"
"Jakobi Meyers","LV","WR","59","138","128","79","-10"
"Isaiah Hodgins","NYG","WR","60","139","168","73","29"
"Donovan Peoples-Jones","CLE","WR","61","140","172","152","32"
"Jonathan Mingo","CAR","WR","62","141","152","","11"
"Marquez Valdes-Scantling","KC","WR","63","142","141","174","-1"
"Jared Goff","DET","QB","17","143","129","95","-14"
"Kenny Pickett","PIT","QB","18","144","146","300","2"
"Brock Purdy","SF","QB","19","145","156","248","11"
"Adam Thielen","CAR","WR","64","146","144","137","-2"
"Darius Slayton","NYG","WR","65","147","194","136","47"
"Marvin Mims","DEN","WR","66","148","124","","-24"
"Roschon Johnson","CHI","RB","48","149","150","","1"
"Kenneth Gainwell","PHI","RB","49","150","140","215","-10"
"Clyde Edwards-Helaire","KC","RB","50","151","199","68","48"
"Tyler Conklin","NYJ","TE","17","152","190","178","38"
"Hunter Henry","NE","TE","18","153","186","234","33"
"Gerald Everett","LAC","TE","19","154","159","146","5"
"Sam LaPorta","DET","TE","20","155","134","","-21"
"Chigoziem Okonkwo","TEN","TE","21","156","155","227","-1"
"Matthew Stafford","LAR","QB","20","157","170","294","13"
"Derek Carr","NO","QB","21","158","147","220","-11"
"Russell Wilson","DEN","QB","22","159","142","134","-17"
"Michael Gallup","DAL","WR","67","160","148","192","-12"
"DJ Chark","CAR","WR","68","161","171","121","10"
"Jameson Williams","DET","WR","69","162","127","119","-35"
"Curtis Samuel","WAS","WR","70","163","175","100","12"
"Jayden Reed","GB","WR","71","164","161","","-3"
"Chuba Hubbard","CAR","RB","51","165","183","156","18"
"Zamir White","LV","RB","52","166","187","300","21"
"Ty Chandler","MIN","RB","53","167","195","300","28"
"Devin Singletary","HOU","RB","54","168","173","91","5"
"Jerick McKinnon","KC","RB","55","169","126","88","-43"
"D'Onta Foreman","CHI","RB","56","170","197","72","27"
"Devon Achane","MIA","RB","57","171","132","","-39"
"Jeff Wilson","MIA","RB","58","172","165","81","-7"
"Mac Jones","NE","QB","23","173","215","223","42"
"Jordan Love","GB","QB","24","174","151","300","-23"
"Cole Kmet","CHI","TE","22","175","149","138","-26"
"Dawson Knox","BUF","TE","23","176","184","167","8"
"Hayden Hurst","CAR","TE","24","177","202","218","25"
"Greg Dulcich","DEN","TE","25","178","169","185","-9"
"Michael Mayer","LV","TE","26","179","206","","27"
"C.J. Stroud","HOU","QB","25","180","209","","29"
"Bryce Young","CAR","QB","26","181","182","","1"
"Ryan Tannehill","TEN","QB","27","182","200","250","18"
"Sam Howell","WAS","QB","28","183","164","300","-19"
"Alec Pierce","IND","WR","72","184","163","194","-21"
"Darnell Mooney","CHI","WR","73","185","133","171","-52"
"Chase Claypool","CHI","WR","74","186","213","170","27"
"Jalin Hyatt","NYG","WR","75","187","158","","-29"
"Hunter Renfrow","LV","WR","76","188","191","183","3"
"Jerome Ford","CLE","RB","59","189","196","300","7"
"Gus Edwards","BAL","RB","60","190","188","163","-2"
"Joshua Kelley","LAC","RB","61","191","218","244","27"
"Matt Breida","NYG","RB","62","192","274","","82"
"Rico Dowdle","DAL","RB","63","193","236","","43"
"Desmond Ridder","ATL","QB","29","194","207","300","13"
"Rondale Moore","ARI","WR","77","195","166","99","-29"
"Rashee Rice","KC","WR","78","196","138","","-58"
"Josh Reynolds","DET","WR","79","197","238","122","41"
"K.J. Osborn","MIN","WR","80","198","154","109","-44"
"Robert Woods","HOU","WR","81","199","222","241","23"
"Rashid Shaheed","NO","WR","82","200","177","150","-23"
"Deonte Harty","BUF","WR","83","201","228","300","27"
"Zack Moss","IND","RB","64","202","208","","6"
"Keaontay Ingram","ARI","RB","65","203","232","300","29"
"Kendre Miller","NO","RB","66","204","167","","-37"
"Kyren Williams","LAR","RB","67","205","211","","6"
"Kyler Murray","ARI","QB","30","206","192","87","-14"
"Jimmy Garoppolo","LV","QB","31","207","204","233","-3"
"Mack Hollins","ATL","WR","84","208","223","135","15"
"Joshua Palmer","LAC","WR","85","209","203","127","-6"
"Mecole Hardman","NYJ","WR","86","210","205","70","-5"
"Allen Robinson","PIT","WR","87","211","227","159","16"
"Kendrick Bourne","NE","WR","88","212","237","","25"
"Cade Otton","TB","TE","27","213","216","236","3"
"Irv Smith","CIN","TE","28","214","174","270","-40"
"Taysom Hill","NO","TE","29","215","179","113","-36"
"Richie James","KC","WR","89","216","212","140","-4"
"Michael Wilson","ARI","WR","90","217","193","","-24"
"Randall Cobb","NYJ","WR","91","218","239","","21"
"Baker Mayfield","TB","QB","32","219","219","300","0"
"Evan Hull","IND","RB","68","220","201","","-19"
"Trayveon Williams","CIN","RB","69","221","284","300","63"
"Salvon Ahmed","MIA","RB","71","222","271","","49"
"Jordan Mason","SF","RB","70","222","268","300","46"
"Isaiah Spiller","LAC","RB","72","223","251","300","28"
"Latavius Murray","BUF","RB","73","224","249","83","25"
"Justice Hill","BAL","RB","74","225","256","","31"
"Chris Evans","CIN","RB","75","226","241","","15"
"Cole Turner","WAS","TE","30","227","235","","8"
"Mike Gesicki","NE","TE","31","228","231","190","3"
"Trey McBride","ARI","TE","32","229","233","212","4"
"Isaiah Likely","BAL","TE","33","230","210","197","-20"
"Noah Gray","KC","TE","34","231","275","300","44"
"Noah Fant","SEA","TE","35","232","226","249","-6"
"Jelani Woods","IND","TE","36","233","263","200","30"
"Zach Ertz","ARI","TE","37","234","225","141","-9"
"Justyn Ross","KC","WR","92","235","189","","-46"
"Parris Campbell","NYG","WR","93","236","198","153","-38"
"Trey Palmer","TB","WR","94","237","240","","3"
"Tutu Atwell","LAR","WR","95","238","242","253","4"
"Marvin Jones","DET","WR","96","239","246","223","7"
"Kalif Raymond","DET","WR","97","240","282","","42"
"Quez Watkins","PHI","WR","98","241","248","252","7"
"Tank Dell","HOU","WR","99","242","176","","-66"
"John Metchie","HOU","WR","100","243","221","","-22"
"Myles Gaskin","MIN","RB","76","244","247","","3"
"Cordarrelle Patterson","ATL","RB","77","245","230","300","-15"
"Sean Tucker","TB","RB","78","246","217","","-29"
"Jauan Jennings","SF","WR","101","247","261","293","14"
"Puka Nacua","LAR","WR","102","248","224","","-24"
"Tyquan Thornton","NE","WR","103","249","262","175","13"
"Ke'Shawn Vaughn","TB","RB","79","250","404","300","154"