"Rank","Player","Team","Bye","POS","BB10","RTSports","Underdog","Drafters","DraftKings","AVG"
"1","Christian McCaffrey","SF","6 ","RB1","1","1","","","","1.0"
"2","Dalvin Cook","","","RB2","2","2","","","","2.0"
"3","Alvin Kamara","NO","6","RB3","3","3","","","","3.0"
"4","Derrick Henry","BAL","8","RB4","4","4","","","","4.0"
"5","Ezekiel Elliott","","","RB5","5","5","","","","5.0"
"6","Travis Kelce","KC","12","TE1","6","7","","","","6.5"
"7","Davante Adams","LAR","11","WR1","7","6","","","","6.5"
"8","Jonathan Taylor","IND","14","RB6","9","8","","","","8.5"
"9","Tyreek Hill","","","WR2","10","10","","","","10.0"
"10","Saquon Barkley","PHI","14","RB7","8","13","","","","10.5"
"11","Austin Ekeler","","","RB8","12","9","","","","10.5"
"12","Aaron Jones Sr.","MIN","7","RB9","11","11","","","","11.0"
"13","Nick Chubb","","","RB10","13","12","","","","12.5"
"14","Stefon Diggs","","","WR3","14","14","","","","14.0"
"15","Antonio Gibson","","","RB11","15","15","","","","15.0"
"16","Calvin Ridley","TEN","13","WR4","16","17","","","","16.5"
"17","Najee Harris","LAC","7","RB12","18","16","","","","17.0"
"18","DeAndre Hopkins","BAL","8","WR5","17","18","","","","17.5"
"19","Joe Mixon","","","RB13","19","20","","","","19.5"
"20","DK Metcalf","PIT","7","WR6","20","21","","","","20.5"
"21","Darren Waller","","","TE2","21","22","","","","21.5"
"22","Justin Jefferson","MIN","7","WR7","22","23","","","","22.5"
"23","A.J. Brown","NE","14","WR8","23","24","","","","23.5"
"24","Clyde Edwards-Helaire","","","RB14","24","25","","","","24.5"
"25","Patrick Mahomes II","KC","12","QB1","32","19","","","","25.5"
"26","George Kittle","SF","6","TE3","26","29","","","","27.5"
"27","Keenan Allen","LAC","7","WR9","25","31","","","","28.0"
"28","David Montgomery","HOU","10","RB15","31","26","","","","28.5"
"29","Terry McLaurin","WAS","9","WR10","29","28","","","","28.5"
"30","CeeDee Lamb","DAL","7","WR11","30","30","","","","30.0"
"31","Allen Robinson","II","","WR12","27","34","","","","30.5"
"32","D'Andre Swift","CHI","10","RB16","28","36","","","","32.0"
"33","Robert Woods ","","","WR13","33","35","","","","34.0"
"34","Chris Carson ","","","RB17","35","33","","","","34.0"
"35","Josh Allen","BUF","7","QB2","46","27","","","","36.5"
"36","Mike Evans","SF","6","WR14","36","39","","","","37.5"
"37","Amari Cooper","","","WR15","34","43","","","","38.5"
"38","Josh Jacobs","GB","13","RB18","39","38","","","","38.5"
"39","James Robinson ","","","RB19","47","32","","","","39.5"
"40","Miles Sanders","","","RB20","37","42","","","","39.5"
"41","Chris Godwin Jr.","TB","9 ","WR16","38","41","","","","39.5"
"42","Cooper Kupp","SEA","9","WR17","42","44","","","","43.0"
"43","Tyler Lockett","LV","8","WR18","40","48","","","","44.0"
"44","Kyler Murray","MIN","7","QB3","54","37","","","","45.5"
"45","DJ Moore","BUF","7","WR19","41","54","","","","47.5"
"46","Diontae Johnson","","","WR20","43","56","","","","49.5"
"47","Kyle Pitts Sr.","ATL","6","TE4","53","47","","","","50.0"
"48","Javonte Williams","DAL","7","RB21","49","52","","","","50.5"
"49","Julio Jones","","","WR21","45","57","","","","51.0"
"50","Mike Davis","","","RB22","58","46","","","","52.0"
"51","Lamar Jackson","BAL","8","QB4","61","45","","","","53.0"
"52","Mark Andrews","BAL","8","TE5","55","51","","","","53.0"
"53","Adam Thielen","","","WR22","44","65","","","","54.5"
"54","Myles Gaskin","","","RB23","60","49","","","","54.5"
"55","T.J. Hockenson","MIN","7 ","TE6","56","53","","","","54.5"
"56","Darrell Henderson Jr.","","","RB24","51","59","","","","55.0"
"57","Brandon Aiyuk","SF","6","WR23","50","64","","","","57.0"
"58","Tee Higgins","CIN","10","WR24","48","67","","","","57.5"
"59","Kareem Hunt","","","RB25","52","63","","","","57.5"
"60","Dak Prescott","DAL","7","QB5","67","50","","","","58.5"
"61","Chase Edmonds","WAS","9","RB26","65","61","","","","63.0"
"62","Chase Claypool","","","WR25","57","71","","","","64.0"
"63","Russell Wilson","","","QB6","72","58","","","","65.0"
"64","Aaron Rodgers","PIT","7","QB7","77","55","","","","66.0"
"65","Damien Harris","","","RB27","76","60","","","","68.0"
"66","Odell Beckham Jr.","NYG","10","WR26","63","76","","","","69.5"
"67","Jerry Jeudy","CLE","13","WR27","64","75","","","","69.5"
"68","Kenny Golladay","","","WR28","66","73","","","","69.5"
"69","Raheem Mostert","LV","8 ","RB28","74","66","","","","70.0"
"70","JuJu Smith-Schuster","NYG","10","WR29","68","72","","","","70.0"
"71","Justin Herbert","LAC","7","QB8","79","62","","","","70.5"
"72","Trey Sermon","","","RB29","75","68","","","","71.5"
"73","Courtland Sutton","DEN","11","WR30","73","70","","","","71.5"
"74","Robbie Chosen","","","WR31","69","80","","","","74.5"
"75","Ja'Marr Chase","CIN","10","WR32","59","91","","","","75.0"
"76","Michael Thomas ","","","WR33","62","94","","","","78.0"
"77","Deebo Samuel Sr.","","","WR34","78","82","","","","80.0"
"78","Logan Thomas ","","","TE7","87","74","","","","80.5"
"79","Tom Brady","","","QB9","94","69","","","","81.5"
"80","Ronald Jones","II","","RB30","88","77","","","","82.5"
"81","Melvin Gordon","III","","RB31","82","83","","","","82.5"
"82","Tyler Boyd","","","WR35","70","97","","","","83.5"
"83","DeVonta Smith","PHI","14","WR36","86","81","","","","83.5"
"84","Noah Fant","NO","6","TE8","91","85","","","","88.0"
"85","Laviska Shenault Jr.","","","WR37","81","96","","","","88.5"
"86","Matthew Stafford","LAR","11","QB10","99","79","","","","89.0"
"87","Antonio Brown ","","","WR38","85","93","","","","89.0"
"88","Michael Carter","TEN","13","RB32","90","88","","","","89.0"
"89","Jalen Hurts","PHI","14","QB11","97","86","","","","91.5"
"90","Ryan Tannehill","","","QB12","107","78","","","","92.5"
"91","Brandin Cooks","","","WR39","83","103","","","","93.0"
"92","Corey Davis ","","","WR40","100","87","","","","93.5"
"93","Robert Tonyan","PIT","7 ","TE9","106","84","","","","95.0"
"94","Zack Moss","","","RB33","103","89","","","","96.0"
"95","Leonard Fournette","","","RB34","102","90","","","","96.0"
"96","Dallas Goedert","PHI","14","TE10","92","100","","","","96.0"
"97","DJ Chark Jr. ","","","WR41","80","113","","","","96.5"
"98","AJ Dillon","CAR","13","RB35","89","107","","","","98.0"
"99","William Fuller","V","","WR42","84","115","","","","99.5"
"100","Jarvis Landry","","","WR43","93","110","","","","101.5"
"101","Michael Pittman Jr.","PIT","7","WR44","105","98","","","","101.5"
"102","Joe Burrow","CIN","10","QB13","114","92","","","","103.0"
"103","James Conner","ARI","12","RB36","111","99","","","","105.0"
"104","Tyler Higbee","LAR","11 ","TE11","109","101","","","","105.0"
"105","Michael Gallup ","","","WR45","95","121","","","","108.0"
"106","Jamaal Williams","","","RB37","115","102","","","","108.5"
"107","Curtis Samuel","","","WR46","101","120","","","","110.5"
"108","Jaylen Waddle","DEN","11","WR47","108","114","","","","111.0"
"109","Kenyan Drake ","","","RB38","110","112","","","","111.0"
"110","Hollywood Brown","PHI","14","WR48","98","126","","","","112.0"
"111","Nyheim Miller-Hines","","","RB39","119","106","","","","112.5"
"112","Mike Gesicki","CIN","10","TE12","118","108","","","","113.0"
"113","Matt Ryan","","","QB14","124","105","","","","114.5"
"114","Devin Singletary","NYG","10","RB40","122","109","","","","115.5"
"115","Marquez Callaway","","","WR49","129","104","","","","116.5"
"116","Mike Williams","","","WR50","104","130","","","","117.0"
"117","Darnell Mooney","NYG","10","WR51","112","124","","","","118.0"
"118","Jonnu Smith","","","TE13","126","111","","","","118.5"
"119","Tony Pollard","TEN","13","RB41","117","122","","","","119.5"
"120","Trevor Lawrence","JAC","7","QB15","125","116","","","","120.5"
"121","DeVante Parker","","","WR52","120","123","","","","121.5"
"122","Marvin Jones Jr.","","","WR53","113","131","","","","122.0"
"123","Kirk Cousins","LV","8","QB16","131","118","","","","124.5"
"124","Sony Michel","","","RB42","157","95","","","","126.0"
"125","David Johnson","","","RB43","121","132","","","","126.5"
"126","Justin Fields","KC","12","QB17","128","125","","","","126.5"
"127","J.D. McKissic","","","RB44","137","117","","","","127.0"
"128","Mecole Hardman Jr.","BUF","7","WR54","116","140","","","","128.0"
"129","Henry Ruggs III ","","","WR55","130","129","","","","129.5"
"130","Hunter Henry","NE","14","TE14","145","119","","","","132.0"
"131","Trey Lance","LAC","7","QB18","133","139","","","","136.0"
"132","Russell Gage Jr.","","","WR56","132","142","","","","137.0"
"133","Baker Mayfield","TB","9 ","QB19","136","138","","","","137.0"
"134","Phillip Lindsay","","","RB45","148","127","","","","137.5"
"135","Rob Gronkowski","","","TE15","143","135","","","","139.0"
"136","Jakobi Meyers","JAC","7","WR57","144","136","","","","140.0"
"137","James White ","","","RB46","139","141","","","","140.0"
"138","Evan Engram","DEN","11","TE16","135","146","","","","140.5"
"139","Elijah Moore","PHI","14","WR58","127","156","","","","141.5"
"140","Tua Tagovailoa","ATL","6","QB20","141","145","","","","143.0"
"141","Alexander Mattison","","","RB47","142","150","","","","146.0"
"142","Cole Beasley","","","WR59","146","148","","","","147.0"
"143","Gerald Everett","","","TE17","153","144","","","","148.5"
"144","Rhamondre Stevenson","NE","14","RB48","164","134","","","","149.0"
"145","Ben Roethlisberger","","","QB21","155","143","","","","149.0"
"146","Jalen Reagor","MIA","14","WR60","138","164","","","","151.0"
"147","Tevin Coleman","","","RB49","178","128","","","","153.0"
"148","Giovani Bernard","","","RB50","149","166","","","","157.5"
"149","","","","1","134","182","","","","158.0"
"150","Sterling Shepard ","","","WR61","154","162","","","","158.0"
"151","Austin Hooper","ATL","6","TE18","168","149","","","","158.5"
"152","Ryan Fitzpatrick ","","","QB22","159","161","","","","160.0"
"153","Kenneth Gainwell","TB","9","RB51","158","167","","","","162.5"
"154","Carson Wentz","MIN","7","QB23","162","165","","","","163.5"
"155","Latavius Murray","","","RB52","150","181","","","","165.5"
"156","Terrace Marshall Jr.","MIA","14","WR62","152","179","","","","165.5"
"157","Cole Kmet","CHI","10","TE19","156","175","","","","165.5"
"158","Derek Carr","","","QB24","171","163","","","","167.0"
"159","Baltimore Ravens","DST","8","DST1","183","152","","","","167.5"
"160","Jared Cook","","","TE20","182","155","","","","168.5"
"161","Zach Ertz","","","TE21","180","158","","","","169.0"
"162","Jameis Winston","NYG","10 ","QB25","187","154","","","","170.5"
"163","Chuba Hubbard","CAR","13","RB53","167","176","","","","171.5"
"164","Nelson Agholor","","","WR63","161","184","","","","172.5"
"165","Gabe Davis","","","WR64","147","208","","","","177.5"
"166","Damien Williams","","","RB54","165","190","","","","177.5"
"167","Emmanuel Sanders","","","WR65","166","189","","","","177.5"
"168","Zach Wilson","NO","6","QB26","185","174","","","","179.5"
"169","Sam Darnold","SEA","9","QB27","188","172","","","","180.0"
"170","Daniel Jones","IND","14 ","QB28","181","180","","","","180.5"
"171","Rashaad Penny","","","RB55","163","199","","","","181.0"
"172","Tampa Bay Buccaneers","DST","9","DST2","176","186","","","","181.0"
"173","Bryan Edwards","","","WR66","172","192","","","","182.0"
"174","Anthony Firkser","WAS","9","TE22","186","183","","","","184.5"
"175","Los Angeles Rams","DST","11","DST3","160","211","","","","185.5"
"176","Ty'Son Williams","","","RB56","211","160","","","","185.5"
"177","Buffalo Bills","DST","7","DST4","198","173","","","","185.5"
"178","Tre'Quan Smith","","","WR67","184","198","","","","191.0"
"179","Christian Kirk","SF","6","WR68","196","187","","","","191.5"
"180","Indianapolis Colts","DST","14","DST5","189","194","","","","191.5"
"181","Tony Jones Jr.","","","RB57","225","159","","","","192.0"
"182","Blake Jarwin","","","TE23","173","213","","","","193.0"
"183","Adam Trautman","DEN","11","TE24","174","216","","","","195.0"
"184","Mac Jones","SF","6","QB29","214","177","","","","195.5"
"185","Miami Dolphins","DST","14","DST6","190","203","","","","196.5"
"186","Darrel Williams","","","RB58","193","200","","","","196.5"
"187","Kansas City Chiefs","DST","12","DST7","205","193","","","","199.0"
"188","Marquez Valdes-Scantling","DAL","7","WR69","192","209","","","","200.5"
"189","Tyrell Williams","","","WR70","199","202","","","","200.5"
"190","Eric Ebron","","","TE25","197","207","","","","202.0"
"191","Amon-Ra St. Brown","DET","9","WR71","200","206","","","","203.0"
"192","Parris Campbell","","","WR72","175","236","","","","205.5"
"193","A.J. Green","","","WR73","202","212","","","","207.0"
"194","Tarik Cohen","","","RB59","207","210","","","","208.5"
"195","Jerick McKinnon","","","RB60","227","191","","","","209.0"
"196","Jamison Crowder","","","WR74","179","242","","","","210.5"
"197","T.Y. Hilton","","","WR75","151","280","","","","215.5"
"198","Devontae Booker","","","RB61","226","204","","","","215.0"
"199","Boston Scott","","","RB62","236","196","","","","216.0"
"200","Rashod Bateman","BAL","8","WR76","177","257","","","","217.0"
"201","Randall Cobb","","","WR77","194","240","","","","217.0"
"202","Malcolm Brown","","","RB63","208","226","","","","217.0"
"203","San Francisco 49ers","DST","6","DST8","191","244","","","","217.5"
"204","Ty Johnson","BUF","7","RB64","219","223","","","","221.0"
"205","Atlanta Falcons","DST","6","DST9","292","168","","","","230.0"
"206","Carlos Hyde ","","","RB65","232","215","","","","223.5"
"207","Pittsburgh Steelers","DST","7","DST10","169","289","","","","229.0"
"208","Washington Commanders","DST","9","DST11","170","283","","","","226.5"
"209","Mark Ingram","II","","RB66","253","197","","","","225.0"
"210","Jared Goff","DET","9","QB30","220","232","","","","226.0"
"211","Denver Broncos","DST","11","DST12","203","251","","","","227.0"
"212","Sammy Watkins","","","WR78","215","241","","","","228.0"
"213","Wayne Gallman Jr.","","","RB67","241","217","","","","229.0"
"214","Allen Lazard","","","WR79","239","220","","","","229.5"
"215","Marlon Mack","","","RB68","230","231","","","","230.5"
"216","Deshaun Watson","CLE","13","QB31","204","263","","","","233.5"
"217","Pat Freiermuth","PIT","7","TE26","245","222","","","","233.5"
"218","Teddy Bridgewater","DET","9","QB32","240","227","","","","233.5"
"219","Byron Pringle","","","WR80","247","224","","","","235.5"
"220","Green Bay Packers","DST","13","DST13","222","250","","","","236.0"
"221","New England Patriots","DST","14","DST14","195","290","","","","242.5"
"222","KJ Hamler ","","","WR81","212","262","","","","237.0"
"223","Justin Jackson","","","RB69","238","238","","","","238.0"
"224","Cleveland Browns","DST","13","DST15","201","301","","","","251.0"
"225","New Orleans Saints","DST","6","DST16","209","273","","","","241.0"
"226","Salvon Ahmed","CHI","10","RB70","224","258","","","","241.0"
"227","John Brown","","","WR82","206","","","","","206.0"
"228","Joshua Palmer","BUF","7","WR83","261","225","","","","243.0"
"229","Los Angeles Chargers","DST","7","DST17","210","293","","","","251.5"
"230","Xavier Jones","","","RB71","213","","","","","213.0"
"231","Donald Parham Jr.","","","TE27","256","235","","","","245.5"
"232","Chicago Bears","DST","10","DST18","216","277","","","","246.5"
"233","Chris Herndon","IV","","TE28","244","249","","","","246.5"
"234","Arizona Cardinals","DST","12","DST19","218","276","","","","247.0"
"235","Darrynton Evans ","","","RB72","217","","","","","217.0"
"236","Todd Gurley","II","","RB73","284","218","","","","251.0"
"237","Dan Arnold","","","TE29","237","260","","","","248.5"
"238","Hayden Hurst","","","TE30","221","286","","","","253.5"
"239","Las Vegas Raiders","DST","8","DST20","338","221","","","","279.5"
"240","Jimmy Garoppolo","LAR","11","QB33","267","233","","","","250.0"
"241","Seattle Seahawks","DST","9","DST21","234","267","","","","250.5"
"242","Jeff Wilson Jr.","","","RB74","223","281","","","","252.0"
"243","Denzel Mims","","","WR84","242","261","","","","251.5"
"244","Minnesota Vikings","DST","7","DST22","228","299","","","","263.5"
"245","Benny Snell Jr.","","","RB75","304","228","","","","266.0"
"246","New York Giants","DST","10","DST23","229","287","","","","258.0"
"247","Darius Slayton","NYG","10","WR85","231","297","","","","264.0"
"248","Van Jefferson","WAS","9","WR86","233","","","","","233.0"
"249","O.J. Howard","","","TE31","257","255","","","","256.0"
"250","Le'Veon Bell","","","RB76","279","234","","","","256.5"
"251","Breshad Perriman","","","WR87","235","","","","","235.0"
"252","Hunter Renfrow","","","WR88","272","243","","","","257.5"
"253","Kadarius Toney","","","WR89","270","245","","","","257.5"
"254","Joshua Kelley","","","RB77","287","237","","","","262.0"
"255","Dyami Brown","WAS","9","WR90","248","268","","","","258.0"
"256","Dalton Schultz","HOU","10","TE32","271","247","","","","259.0"
"257","Tyler Kroft","","","TE33","263","256","","","","259.5"
"258","Tyler Conklin","DET","9","TE34","274","246","","","","260.0"
"259","Quez Watkins","PHI","14","WR91","243","295","","","","269.0"
"260","Donovan Peoples-Jones","","","WR92","246","282","","","","264.0"
"261","Taysom Hill","","","TE35","255","271","","","","263.0"
"262","Dawson Knox","BUF","7","TE36","249","278","","","","263.5"
"263","Philadelphia Eagles","DST","14","DST24","250","294","","","","272.0"
"264","C.J. Uzomah","","","TE37","264","265","","","","264.5"
"265","Carolina Panthers","DST","13","DST25","251","284","","","","267.5"
"266","Nico Collins","HOU","10","WR93","252","","","","","252.0"
"267","Dallas Cowboys","DST","7","DST26","266","264","","","","265.0"
"268","Alex Collins","","","RB78","294","252","","","","273.0"
"269","Larry Rountree","III","","RB79","277","254","","","","265.5"
"270","Juwan Johnson","NO","6","TE38","291","253","","","","272.0"
"271","DeSean Jackson","","","WR94","254","","","","","254.0"
"272","Josh Reynolds","","","WR95","276","259","","","","267.5"
"273","Cam Newton","","","QB34","259","","","","","259.0"
"274","Samaje Perine","CIN","10","RB80","260","285","","","","272.5"
"275","Tennessee Titans","DST","13","DST27","262","298","","","","280.0"
"276","Qadree Ollison","","","RB81","265","","","","","265.0"
"277","Mekhi Sargent","","","RB82","375","266","","","","320.5"
"278","Jermar Jefferson","","","RB83","268","","","","","268.0"
"279","Demarcus Robinson","SF","6","WR96","269","","","","","269.0"
"280","Tyrod Taylor","GB","13","QB35","285","269","","","","277.0"
"281","Jaret Patterson","LAC","7","RB84","273","275","","","","274.0"
"282","Chris Evans","","","RB85","305","272","","","","288.5"
"283","Quintez Cephus ","","","WR97","275","","","","","275.0"
"284","Mo Alie-Cox","IND","14","TE39","278","","","","","278.0"
"285","New York Jets","DST","6","DST28","280","","","","","280.0"
"286","Dee Eskridge","","","WR98","281","","","","","281.0"
"287","Drew Lock","SEA","9","QB36","282","","","","","282.0"
"288","Tim Patrick","NYJ","6","WR99","283","","","","","283.0"
"289","Anthony McFarland Jr.","","","RB86","286","","","","","286.0"
"290","Jimmy Graham","","","TE40","288","","","","","288.0"
"291","Adam Humphries","","","WR100","289","","","","","289.0"
"292","Amari Rodgers","","","WR101","290","","","","","290.0"
"293","DeeJay Dallas","JAC","7","RB87","293","","","","","293.0"
"294","Jake Funk","","","RB88","295","","","","","295.0"
"295","Zach Pascal","","","WR102","296","","","","","296.0"
"296","Jack Doyle","","","TE41","303","292","","","","297.5"
"297","Cam Akers","","","RB89","298","","","","","298.0"
"298","Will Dissly","","","TE42","299","","","","","299.0"
"299","Javian Hawkins","TEN","13","RB90","300","","","","","300.0"
"300","J.J. Taylor","","","RB91","301","","","","","301.0"
"301","Kylin Hill ","","","RB92","302","","","","","302.0"
"302","Jacksonville Jaguars","DST","7","DST29","321","288","","","","304.5"
"303","Keelan Cole Sr.","","","WR103","306","","","","","306.0"
"304","JaMycal Hasty","","","RB93","322","291","","","","306.5"
"305","Cincinnati Bengals","DST","10","DST30","317","296","","","","306.5"
"306","Harrison Bryant","SEA","9","TE43","307","","","","","307.0"
"307","Preston Williams","","","WR104","308","","","","","308.0"
"308","Antonio Callaway","","","WR105","309","","","","","309.0"
"309","Kendrick Bourne","ARI","12","WR106","319","300","","","","309.5"
"310","David Njoku","LAC","7","TE44","310","","","","","310.0"
"311","Jordan Akins","","","TE45","311","","","","","311.0"
"312","Demetric Felton Jr.","","","RB94","312","","","","","312.0"
"313","Rashard Higgins","","","WR107","313","","","","","313.0"
"314","N'Keal Harry","","","WR108","314","","","","","314.0"
"315","Olamide Zaccheaus","ATL","6","WR109","315","","","","","315.0"
"316","Keke Coutee","","","WR110","316","","","","","316.0"
"317","Tyron Billy-Johnson","","","WR111","318","","","","","318.0"
"318","Jacob Harris","","","TE46","320","","","","","320.0"
"319","Jalen Guyton","","","WR112","323","","","","","323.0"
"320","Kyle Rudolph","","","TE47","324","","","","","324.0"
"321","Jacob Hollister","","","TE48","325","","","","","325.0"
"322","Eno Benjamin","","","RB95","326","","","","","326.0"
"323","Andy Dalton","PHI","14","QB37","327","","","","","327.0"
"324","Matt Breida","","","RB96","328","","","","","328.0"
"325","Elijah Mitchell","PHI","14","RB97","329","","","","","329.0"
"326","Detroit Lions","DST","9","DST31","330","","","","","330.0"
"327","Cordarrelle Patterson","","","RB98","331","","","","","331.0"
"328","Duke Johnson Jr.","","","RB99","332","","","","","332.0"
"329","Marquise Goodwin","","","WR113","333","","","","","333.0"
"330","Anthony Miller","","","WR114","334","","","","","334.0"
"331","Michael Strachan","","","WR115","335","","","","","335.0"
"332","D'Ernest Johnson","","","RB100","336","","","","","336.0"
"333","Foster Moreau","HOU","10","TE49","337","","","","","337.0"
"334","Albert Okwuegbunam Jr.","LV","8","TE50","339","","","","","339.0"
"335","James Washington","","","WR116","340","","","","","340.0"
"336","K.J. Osborn","TEN","13","WR117","341","","","","","341.0"
"337","Khalil Herbert","","","RB101","343","","","","","343.0"
"338","Isaiah McKenzie","","","WR118","344","","","","","344.0"
"339","Ihmir Smith-Marsette","ARI","12","WR119","345","","","","","345.0"
"340","Cornell Powell","","","WR120","347","","","","","347.0"
"341","Collin Johnson","","","WR121","348","","","","","348.0"
"342","Scotty Miller","CHI","10","WR122","349","","","","","349.0"
"343","Ke'Shawn Vaughn","","","RB102","350","","","","","350.0"
"344","Kalen Ballage","","","RB103","351","","","","","351.0"
"345","Travis Fulgham","","","WR123","352","","","","","352.0"
"346","Devin Funchess","","","WR124","353","","","","","353.0"
"347","Royce Freeman","","","RB104","354","","","","","354.0"
"348","Brian Hill","","","RB105","355","","","","","355.0"
"349","Kylen Granson","TEN","13","TE51","356","","","","","356.0"
"350","Albert Wilson","","","WR125","357","","","","","357.0"
"351","Tutu Atwell","MIA","14 ","WR126","358","","","","","358.0"
"352","D'Onta Foreman","","","RB106","359","","","","","359.0"
"353","Jordan Howard","","","RB107","360","","","","","360.0"
"354","Devin Duvernay","ARI","12","WR127","361","","","","","361.0"
"355","Rodney Smith","","","WR128","362","","","","","362.0"
"356","Chris Conley","","","WR129","363","","","","","363.0"
"357","Josh Adams","","","RB108","364","","","","","364.0"
"358","Noah Gray","KC","12","TE52","365","","","","","365.0"
"359","Darwin Thompson","","","RB109","366","","","","","366.0"
"360","Josh Oliver","MIN","7","TE53","367","","","","","367.0"
"361","Tylan Wallace","CLE","13","WR130","368","","","","","368.0"
"362","Gardner Minshew II","ARI","12","QB38","369","","","","","369.0"
"363","Derek Carrier","","","TE54","370","","","","","370.0"
"364","Tyler Johnson","DAL","7","WR131","371","","","","","371.0"
"365","Kene Nwangwu","NYJ","6","RB110","372","","","","","372.0"
"366","Marcus Mariota","WAS","9","QB39","373","","","","","373.0"
"367","Gerrid Doaks","","","RB111","374","","","","","374.0"
"368","La'Mical Perine","","","RB112","376","","","","","376.0"
"369","Jordan Love","GB","13","QB40","377","","","","","377.0"
"370","Devonta Freeman","","","RB113","378","","","","","378.0"
"371","Darren Fells","","","TE55","379","","","","","379.0"
"372","Houston Texans","DST","10","DST32","380","","","","","380.0"
"373","Dez Fitzpatrick","","","WR132","381","","","","","381.0"
"374","Adrian Peterson ","","","RB114","382","","","","","382.0"
"375","Andy Isabella","","","WR133","383","","","","","383.0"
"376","Trent Sherfield Sr.","BUF","7","WR134","384","","","","","384.0"
"377","Mohamed Sanu Sr.","","","WR135","385","","","","","385.0"
"378","Peyton Barber","","","RB115","386","","","","","386.0"
"379","Brevin Jordan","HOU","10","TE56","387","","","","","387.0"
"380","Patrick Ricard","NYG","10","RB116","388","","","","","388.0"
"381","Tyler Ervin","","","RB117","389","","","","","389.0"
"382","Dede Westbrook","","","WR136","390","","","","","390.0"
"383","Devin Asiasi","","","TE57","391","","","","","391.0"
"384","Chad Henne","","","QB41","392","","","","","392.0"
"385","Alex Armah Jr.","","","RB118","393","","","","","393.0"
"386","Greg Ward","","","WR137","394","","","","","394.0"
"387","Mike Glennon","","","QB42","395","","","","","395.0"
"388","Cedrick Wilson Jr.","DET","9","WR138","396","","","","","396.0"
"389","Jalen Hurd","","","WR139","397","","","","","397.0"
"390","Daurice Fountain","","","WR140","398","","","","","398.0"
"391","Mitchell Trubisky","TEN","13","QB43","399","","","","","399.0"
"392","Jordan Wilkins","","","RB119","400","","","","","400.0"
